Colony,Family size,Queen ID,Btern01,Btern01,B96,B96,BTMS0045,BTMS0045,BT26,BT26,BL03,BL03,BT10,BT10,BT18,BT18,BTMS0125,BTMS0125,BTMS0136,BTMS0136,BL11,BL11
1,1,#1,99,103,233,233,288,290,107,111,134,134,147,171,192,194,104,106,152,156,111,135
2,1,#2,99,133,229,233,290,292,105,117,134,134,155,169,186,192,104,104,152,152,111,127
3,1,#3,99,135,233,233,290,290,107,111,134,136,143,167,190,194,104,110,148,152,113,133
4,3,#4,101,107,239,239,306,310,105,111,134,136,149,161,192,192,104,104,152,156,123,135
5,2,#5,99,119,239,239,290,298,113,121,134,134,141,151,192,192,94,104,152,152,125,131
6,1,#6,99,101,233,245,290,294,111,119,134,138,139,149,186,194,104,104,152,156,111,135
7,1,#7,99,119,233,239,288,290,109,111,134,140,143,187,192,194,104,106,152,156,111,113
8,2,#8,99,99,233,235,288,288,111,111,134,138,151,155,196,196,104,106,146,148,111,135
9,2,#9,99,99,233,243,290,310,107,107,134,134,151,151,194,194,92,104,156,164,131,133
10,1,#10,99,101,233,233,290,318,111,113,134,134,143,157,182,192,104,104,152,154,111,127
11,1,#11,99,105,233,233,290,292,111,113,134,134,137,149,182,196,104,104,146,152,111,115
12,2,#12,99,117,233,233,282,282,107,107,134,134,161,171,192,196,104,106,144,166,125,135
13,3,#13,109,127,229,233,282,282,109,123,134,134,131,143,192,192,104,128,152,152,113,145
14,2,#14,99,99,233,233,284,290,111,121,134,140,149,149,192,204,104,116,148,152,111,135
15,2,#15,99,99,233,241,290,314,105,105,134,134,151,151,182,190,104,106,156,156,111,111
16,2,#16,99,109,243,245,290,294,105,111,134,134,143,161,194,194,104,106,152,162,111,141
17,1,#17,99,125,233,239,290,308,109,121,134,134,151,175,194,196,104,104,152,156,111,133
18,1,#18,99,103,235,239,288,290,109,111,134,140,141,143,192,196,104,110,148,152,113,135
19,2,#19,99,125,233,243,282,288,111,119,134,136,147,147,182,182,104,110,152,158,131,143
20,1,#20,99,119,233,241,282,290,111,113,134,136,137,147,192,196,104,104,148,152,111,113
21,1,#21,103,107,233,239,290,302,109,123,134,134,139,157,190,196,104,104,152,156,111,111
22,1,#22,99,107,233,239,288,290,111,119,134,134,169,171,182,188,104,104,152,156,111,133
23,1,#23,99,113,233,239,290,296,107,111,134,138,147,163,188,192,104,104,148,154,111,113
24,3,#24,97,101,235,239,282,288,105,107,134,142,143,179,192,192,104,106,144,156,111,113
25,1,#25,99,131,233,237,286,290,105,111,134,138,145,153,190,192,104,104,154,156,111,137
26,2,#26,99,119,229,235,298,314,111,111,134,136,165,165,186,194,104,106,152,152,113,113
27,1,#27,99,133,233,239,290,298,105,113,134,136,149,155,192,192,104,104,152,152,111,115
28,1,#28,99,109,235,241,290,300,105,111,134,138,145,165,194,198,104,106,152,156,111,139
29,4,#29,117,123,235,239,290,304,107,109,134,140,145,153,192,198,106,106,156,156,131,147
30,1,#30,99,105,233,245,288,290,105,109,134,134,141,143,186,194,104,104,152,164,111,137
31,2,#31,99,99,235,235,304,318,111,111,134,134,133,167,196,196,98,106,154,154,111,143
32,3,#32,99,125,235,243,310,312,105,105,134,134,167,167,182,182,104,104,152,152,131,137
33,1,#33,95,99,233,233,282,290,111,119,134,134,153,171,192,194,104,104,152,154,111,113
34,1,#34,99,117,233,239,290,298,109,119,134,134,151,169,192,192,104,106,154,156,111,113
35,1,#35,99,119,233,245,286,290,109,113,134,134,165,171,192,202,104,104,152,156,111,133
36,2,#36,107,107,233,233,290,290,113,113,134,138,137,143,190,190,98,104,152,152,113,113
37,1,#37,99,113,233,235,284,290,111,117,134,138,153,155,182,190,104,106,148,152,111,133
38,1,#38,99,123,233,239,282,290,105,119,134,138,155,167,182,192,102,104,148,156,111,113
39,1,#39,99,129,235,239,290,292,105,107,134,140,131,143,182,192,102,104,152,156,111,149
40,1,#40,99,101,235,239,290,296,107,111,134,134,151,155,182,192,104,104,152,156,111,147
41,1,#41,99,125,233,237,290,314,107,111,134,134,149,167,182,194,104,104,152,156,111,141
42,1,#42,99,103,233,239,290,292,109,115,134,136,143,177,188,192,104,106,152,154,111,113
43,1,#43,99,105,233,235,284,290,111,113,134,140,151,171,192,198,104,106,152,158,111,113
44,1,#44,99,113,235,239,290,314,111,115,134,138,129,143,188,192,104,110,148,152,111,127
45,1,#45,107,109,233,241,288,290,111,117,134,134,141,143,192,194,104,104,152,152,111,129
46,1,#46,99,147,233,245,288,290,105,115,134,134,103,143,192,212,104,112,152,152,111,133
47,1,#47,99,113,233,243,284,290,109,113,134,140,143,157,188,194,104,106,152,156,111,117
48,2,#48,95,99,233,233,288,288,105,105,134,134,149,167,190,190,104,110,154,154,121,129
49,1,#49,99,107,233,239,290,292,111,127,134,138,145,161,182,192,104,106,148,154,111,111
50,1,#50,99,123,233,239,290,310,107,111,134,138,137,143,192,202,104,104,152,156,111,145
51,1,#51,99,103,233,241,290,312,111,121,134,140,145,167,188,192,104,104,148,156,111,135
52,1,#52,99,119,233,243,290,310,111,119,134,136,143,147,186,190,104,104,152,158,111,131
53,1,#53,99,99,235,241,282,290,105,111,134,140,129,151,190,194,104,104,148,152,111,115
54,1,#54,99,125,233,233,290,310,109,121,134,138,143,161,192,194,104,104,152,152,111,129
55,2,#55,99,107,233,233,290,312,111,111,134,134,141,151,194,194,104,110,148,152,113,145
56,4,#56,97,99,233,235,288,298,109,109,136,136,129,147,194,194,104,108,152,152,111,111
57,3,#57,115,125,221,237,310,310,111,117,134,138,137,149,192,192,104,106,148,152,113,113
58,1,#58,99,101,233,241,290,294,109,123,134,138,131,163,192,194,104,106,148,152,111,143
59,3,#59,105,121,233,235,290,290,111,119,134,140,131,169,182,190,104,110,156,156,113,145
60,2,#60,99,99,235,235,300,310,113,113,134,134,153,153,194,194,104,104,144,152,111,111
61,2,#61,99,101,235,239,290,308,105,121,134,142,143,169,190,194,104,104,154,154,111,121
62,1,#62,99,103,233,241,290,294,107,111,134,136,143,183,192,206,104,104,152,154,111,143
63,1,#63,107,109,233,241,286,290,105,117,134,134,153,161,192,210,104,104,148,156,111,113
64,1,#64,99,105,233,235,286,290,111,117,134,136,137,165,192,204,104,104,148,152,111,139
65,2,#65,99,111,233,233,284,290,109,117,134,134,125,147,192,192,88,104,152,152,131,141
66,2,#66,111,117,237,243,298,302,117,121,134,136,111,129,182,192,104,104,152,156,141,149
67,2,#67,99,103,233,233,290,290,109,109,134,134,131,131,194,194,104,106,152,152,133,139
68,1,#68,99,135,233,241,286,290,111,115,134,136,133,147,190,192,104,104,148,152,109,111
69,1,#69,99,105,233,243,290,314,111,115,134,138,139,149,192,194,104,104,152,156,111,135
70,2,#70,99,99,233,241,282,282,105,121,134,134,155,155,192,192,104,110,154,154,113,113
71,1,#71,99,111,233,239,290,290,105,111,134,140,129,139,182,192,104,104,152,152,111,143
72,6,#72,99,107,233,243,282,312,105,111,134,140,143,151,192,200,104,104,154,158,133,135
73,1,#73,99,111,233,235,288,290,105,107,134,134,137,165,192,196,104,104,148,154,111,137
74,2,#74,109,135,229,233,286,290,111,111,134,138,171,171,182,188,104,104,154,154,111,111
75,1,#75,101,107,233,235,290,310,107,111,134,142,143,145,190,192,104,110,152,156,111,143
76,1,#76,99,113,233,243,290,294,111,119,134,134,143,153,192,196,104,104,152,158,111,149
77,1,#77,99,125,233,235,282,290,107,109,134,134,129,155,192,198,104,104,154,156,111,113
78,1,#78,99,121,233,243,290,306,111,115,134,138,143,153,190,196,104,106,152,156,111,133
79,1,#79,99,121,235,239,282,290,105,111,134,134,131,157,190,198,104,104,148,152,111,135
80,1,#80,99,117,233,233,286,290,111,111,134,134,143,189,192,194,104,110,152,154,111,113
81,1,#81,99,99,233,237,290,308,105,107,134,140,129,143,188,196,104,106,152,156,111,113
82,1,#82,99,99,233,245,282,290,105,113,134,134,143,179,192,192,92,104,152,154,111,143
83,1,#83,93,99,233,243,282,290,107,113,134,138,163,169,182,196,92,104,152,158,111,133
84,1,#84,99,105,233,235,290,310,107,113,134,138,143,171,188,192,104,110,154,156,111,135
85,1,#85,99,109,233,245,282,290,105,111,134,138,143,157,190,192,104,104,152,154,111,139
86,1,#86,99,111,231,233,288,290,109,111,134,138,143,177,192,196,104,110,152,154,111,139
87,1,#87,99,105,233,241,290,310,109,113,134,134,149,163,188,190,104,104,154,156,111,125
88,3,#88,99,107,235,241,290,290,105,105,134,134,135,143,190,192,104,104,154,156,117,133
89,2,#89,97,99,239,243,288,306,111,115,134,136,143,143,194,194,104,110,148,152,115,139
90,1,#90,99,101,233,235,290,292,109,119,134,140,143,145,182,192,102,104,148,154,109,111
91,1,#91,99,105,235,239,290,294,111,113,134,134,165,167,190,192,104,104,152,156,111,133
92,1,#92,99,129,233,241,290,306,107,111,134,134,143,151,186,194,104,106,146,152,111,113
93,2,#93,99,117,233,233,290,290,111,111,134,136,147,147,194,194,104,104,152,154,111,111
94,1,#94,99,109,233,241,284,290,109,119,134,140,131,165,182,196,104,104,152,156,111,147
95,2,#95,99,137,239,239,290,292,111,111,134,134,165,165,190,194,104,110,152,152,111,135
96,1,#96,99,123,233,239,286,290,109,111,134,136,131,157,192,194,104,104,152,158,111,139
97,2,#97,107,109,235,241,282,282,111,111,134,134,165,165,182,194,104,110,154,154,135,143
98,1,#98,99,123,233,239,286,290,105,107,134,134,145,171,190,192,104,106,148,152,111,113
99,1,#99,99,101,229,233,290,308,111,119,134,134,143,149,182,196,104,106,152,156,113,133
100,2,#100,99,117,233,233,290,294,109,109,134,134,165,165,194,194,104,104,152,152,111,111
101,1,#101,99,105,233,241,284,290,105,111,134,134,147,153,190,192,104,110,148,154,111,137
102,1,#102,99,105,235,241,288,290,111,115,134,138,151,153,190,192,104,104,152,152,111,139
103,3,#103,115,119,233,245,286,290,105,117,134,134,151,151,192,194,104,104,152,152,111,113
104,1,#104,107,109,233,235,290,296,105,113,134,136,131,149,182,192,104,104,152,156,111,135
105,1,#105,95,99,233,237,290,292,105,111,134,140,137,165,190,192,104,104,152,154,111,141
106,1,#106,99,131,233,239,290,296,111,121,134,134,129,153,192,192,104,104,148,152,111,119
107,4,#107,99,107,231,239,284,298,111,111,134,134,145,173,194,194,104,104,152,154,111,111
108,1,#108,99,125,233,239,290,292,109,111,134,140,129,151,188,190,104,104,152,154,111,115
109,2,#109,107,121,235,235,290,306,111,119,134,134,151,163,194,194,88,104,152,152,115,135
110,1,#110,99,115,233,235,290,310,105,109,134,138,141,143,192,194,102,104,148,154,111,143
111,2,#111,113,115,233,233,286,290,113,113,134,134,169,183,182,190,104,104,152,152,139,141
112,1,#112,99,107,233,235,290,308,109,111,134,140,129,143,192,196,104,106,152,156,111,137
113,1,#113,99,131,233,239,288,290,105,109,134,142,143,147,188,192,102,104,152,158,111,115
114,1,#114,99,101,235,239,290,292,107,111,134,136,139,157,194,198,104,104,152,152,111,111
115,1,#115,99,101,233,233,284,290,105,111,134,134,147,151,192,194,104,104,152,156,111,133
116,1,#116,99,129,229,233,290,292,109,123,134,136,149,157,192,192,104,106,152,152,111,123
117,1,#117,99,121,221,233,290,302,107,109,134,144,141,143,182,192,104,104,152,152,111,141
118,1,#118,99,101,233,241,288,290,109,113,134,136,133,143,186,192,104,104,152,154,111,113
119,4,#119,113,117,231,239,288,294,107,109,134,134,157,163,182,196,104,104,152,154,111,131
120,1,#120,99,111,233,235,290,302,105,111,134,134,155,163,182,192,104,104,148,152,111,113
121,3,#121,99,99,221,231,288,290,109,111,134,134,139,151,182,182,104,122,152,156,133,133
122,2,#122,107,107,233,233,300,310,105,109,140,144,157,157,196,196,104,104,152,154,113,135
123,1,#123,107,109,233,241,284,290,111,115,134,134,143,167,188,192,104,104,152,156,111,129
124,2,#124,107,107,231,233,288,298,105,105,134,134,151,157,188,192,104,104,148,152,111,111
125,2,#125,99,105,221,239,278,296,111,111,134,134,155,155,182,182,104,104,152,152,111,113
126,1,#126,99,129,233,239,290,292,105,111,134,138,143,163,186,190,104,104,148,152,111,127
127,1,#127,99,123,233,241,282,290,105,117,134,140,141,143,188,196,104,110,152,156,111,137
128,2,#128,99,103,239,239,290,290,107,107,134,134,143,151,192,192,104,104,156,156,113,141
129,1,#129,103,107,233,233,282,290,111,121,134,136,151,157,190,198,104,104,154,156,111,145
130,1,#130,99,129,233,237,288,290,111,119,134,134,131,143,192,212,102,104,148,152,111,143
131,1,#131,99,129,233,235,288,290,105,113,134,140,145,151,188,190,102,104,148,152,111,113
132,1,#132,99,137,233,235,282,290,105,109,134,134,147,165,182,196,104,104,152,152,111,113
133,2,#133,107,107,235,235,282,290,107,119,134,134,167,167,182,196,104,104,152,154,135,139
134,1,#134,99,105,233,235,290,304,109,113,134,136,131,163,192,196,104,104,152,154,111,123
135,1,#135,99,117,235,239,290,310,109,113,134,136,143,161,186,192,104,104,152,152,111,119
136,1,#136,99,123,233,239,282,290,105,111,134,134,149,155,182,192,104,104,148,154,111,141
137,1,#137,99,125,233,239,288,290,107,111,134,140,129,131,188,192,104,104,152,158,111,135
138,1,#138,95,99,233,235,290,308,105,109,134,136,131,161,192,192,104,110,152,152,111,127
139,1,#139,99,105,235,241,290,298,107,109,134,136,113,151,192,194,104,104,148,156,111,115
140,1,#140,99,101,233,241,290,290,109,115,134,142,137,143,192,202,104,104,148,152,111,135
141,1,#141,99,123,233,233,284,290,111,113,134,134,163,165,186,196,104,104,152,154,111,143
142,1,#142,99,129,233,239,288,290,109,113,134,136,169,171,190,192,104,110,152,154,111,123
143,1,#143,97,99,233,239,286,290,105,111,134,134,131,135,188,192,104,104,152,154,111,113
144,1,#144,99,99,233,239,290,294,109,111,134,134,141,143,182,192,104,104,152,152,111,117
145,1,#145,99,133,233,243,288,290,111,113,134,136,131,155,192,212,104,110,148,152,111,111
146,1,#146,99,105,233,239,288,290,107,109,134,136,163,165,182,192,104,104,152,158,111,113
147,1,#147,99,109,229,233,290,292,105,117,134,142,139,149,182,188,104,104,152,156,111,133
148,1,#148,99,109,235,239,282,290,109,111,134,136,131,137,188,192,104,104,152,158,111,113
149,1,#149,97,99,235,239,290,302,107,111,134,138,155,167,190,196,104,104,148,156,109,111
150,1,#150,99,107,233,241,282,288,109,111,134,140,129,137,190,196,104,106,144,152,111,141
151,1,#151,99,107,235,239,290,298,111,115,134,140,143,173,192,208,104,106,152,152,111,135
152,1,#152,99,113,233,239,284,290,111,119,134,134,125,143,192,192,104,104,152,158,111,129
153,1,#153,99,103,233,239,290,310,111,117,134,136,131,145,190,196,104,104,152,156,111,113
154,1,#154,99,113,233,235,290,302,109,111,134,138,149,153,192,198,104,104,152,154,111,133
155,2,#155,157,159,233,233,286,288,105,111,134,134,167,167,194,194,96,98,152,154,111,111
156,1,#156,99,99,233,241,290,300,105,121,134,134,135,143,192,196,104,104,152,154,111,121
157,1,#157,99,111,233,233,290,294,105,111,134,142,107,143,192,212,102,104,152,154,111,137
158,1,#158,99,103,233,245,286,290,105,109,134,140,131,155,190,192,104,106,148,154,111,133
159,1,#159,91,99,233,237,282,290,105,111,134,136,143,169,188,194,104,104,152,156,111,147
160,1,#160,99,117,233,239,286,290,109,123,134,134,155,165,190,196,104,106,152,154,111,139
161,1,#161,99,131,233,235,282,290,107,111,134,136,131,163,192,196,104,106,148,156,111,117
162,1,#162,99,125,235,239,290,308,107,111,134,140,129,131,190,198,104,104,152,154,111,139
163,1,#163,99,107,233,239,290,298,109,121,134,136,129,143,192,198,104,104,148,156,111,127
164,1,#164,99,111,231,233,282,290,107,111,134,136,111,143,190,192,104,104,148,154,111,133
165,1,#165,99,129,233,235,290,292,105,111,134,138,153,161,192,198,104,104,152,156,111,115
166,1,#166,99,129,233,241,290,298,105,113,134,134,143,155,192,194,104,104,148,154,111,137
167,1,#167,99,105,233,235,282,290,105,107,134,136,153,161,192,196,104,104,152,154,111,113
168,1,#168,99,123,233,235,288,290,107,111,134,136,103,143,192,196,104,106,152,152,111,111
169,1,#169,99,113,233,235,290,310,105,121,134,136,145,171,188,190,104,104,152,154,111,113
170,1,#170,99,125,233,239,290,290,111,119,134,140,129,155,192,196,104,106,152,154,111,127
171,1,#171,99,109,233,245,282,290,105,111,134,138,117,143,192,194,104,104,148,156,111,113
172,1,#172,101,107,235,241,290,292,105,111,134,138,131,149,192,194,104,104,152,158,111,133
173,2,#173,99,99,235,235,284,298,111,117,134,134,157,165,182,184,104,104,152,152,117,141
174,1,#174,99,105,233,235,290,310,107,109,134,138,143,149,186,196,104,104,152,152,111,125
175,1,#175,99,107,235,239,282,290,109,121,134,140,143,165,182,192,104,104,148,152,111,113
176,1,#176,99,113,233,239,286,290,107,111,134,136,131,161,192,194,104,106,152,154,111,117
177,1,#177,99,149,233,239,288,290,107,111,134,140,153,165,188,192,104,104,152,158,111,113
178,1,#178,95,99,233,243,286,290,105,107,134,138,131,163,188,192,102,104,152,156,111,113
179,1,#179,99,123,233,243,288,290,105,111,134,136,143,149,182,192,104,106,152,154,111,145
180,1,#180,99,105,229,233,290,302,111,131,134,134,155,165,192,202,102,104,152,156,111,115
181,1,#181,99,101,233,241,290,300,105,113,134,142,143,147,186,192,104,106,148,152,111,113
182,1,#182,99,121,233,233,288,290,109,113,134,134,165,169,190,196,104,104,152,156,111,127
183,1,#183,99,133,233,239,290,292,109,115,134,136,151,169,188,192,104,104,152,152,111,143
184,1,#184,99,107,231,233,284,290,107,111,134,136,113,143,186,192,104,104,152,152,111,141
185,1,#185,99,105,233,235,288,290,109,121,134,134,147,157,182,194,104,110,152,152,111,125
186,1,#186,99,107,233,235,290,290,111,113,134,134,139,155,190,192,104,104,154,156,111,135
187,1,#187,99,125,233,233,290,298,111,111,134,136,143,181,188,192,104,104,152,156,111,113
188,1,#188,99,103,233,239,288,290,105,117,134,134,137,155,182,192,104,104,148,152,111,113
189,1,#189,99,135,233,237,288,290,109,121,134,134,147,169,184,192,104,106,148,152,111,113
190,1,#190,99,111,233,237,290,314,107,113,134,134,151,167,182,190,104,104,152,154,111,141
191,1,#191,99,101,233,235,286,290,105,117,134,138,129,157,194,196,104,110,148,154,111,135
192,1,#192,99,99,233,235,290,300,109,111,134,134,139,143,192,198,104,104,152,152,111,117
193,1,#193,95,99,233,239,286,290,111,115,134,138,131,139,190,194,104,106,152,158,111,113
