Count,Date Collected,CEH-ID,Reduced data,Colony,Btern01,Btern01,BT10,BT10,BT18,BT18,BT26,BT26,BL03,BL03,Btern02,Btern02,B131,B131,BTMS0045,BTMS0045,BTMS0125,BTMS0125,BTMS0136,BTMS0136,BL11,BL11
1,20.06.11,lh7,X,1,101,111,143,147,188,218,95,111,143,145,179,187,134,138,308,308,106,110,154,166,143,145
2,20.06.11,lh8,,2,101,101,135,145,184,184,95,115,151,151,193,193,138,138,308,310,104,106,152,152,145,145
3,20.06.11,lh19,,3,101,101,143,145,188,194,95,107,151,151,191,193,138,140,308,322,104,106,152,154,129,145
4,21.06.11,lh24,,4,111,117,135,145,194,218,95,107,147,151,179,207,140,140,282,308,106,106,166,168,139,141
5,21.06.11,lh25,,5,111,131,139,147,184,184,107,109,145,151,179,195,138,140,300,300,106,106,152,154,125,135
6,21.06.11,lh26,,6,109,125,145,145,184,188,109,109,145,151,179,179,134,138,302,308,106,110,166,172,135,147
7,21.06.11,lh38,,7,97,101,145,145,188,218,107,109,143,163,179,193,140,140,308,308,106,106,150,174,131,145
8,22.06.11,lh54,,8,101,111,145,147,186,186,95,107,151,151,193,205,138,140,282,302,102,106,154,172,135,149
9,23.06.11,lh57,X,9,111,125,145,153,186,186,95,95,145,151,191,193,134,138,310,322,102,110,152,166,145,145
10,23.06.11,lh59,,10,101,101,139,147,184,186,107,119,145,151,189,193,140,140,308,308,102,106,152,166,131,149
11,21.06.11,rm13,X,11,101,101,143,147,188,218,107,111,143,151,179,193,140,140,308,310,102,102,166,166,127,139
12,22.06.11,rm33,,8,101,111,145,147,186,186,95,107,151,151,193,205,138,140,282,302,102,106,154,172,127,135
13,22.06.11,rm34,X,12,101,113,135,155,186,194,95,107,145,163,179,195,140,140,306,312,104,106,154,166,127,127
14,24.06.11,r77,X,13,97,103,135,151,192,218,95,107,145,145,179,179,134,140,310,312,106,106,150,154,141,147
15,24.06.11,r82,X,14,101,113,135,135,184,194,95,107,145,151,193,195,140,140,310,312,104,106,150,154,127,127
16,20.06.11,rh7,X,15,101,119,145,151,188,188,95,109,151,151,179,179,140,140,300,308,106,106,154,156,145,147
17,20.06.11,rh28,,5,111,131,139,147,184,184,107,109,145,151,179,195,138,140,300,300,106,106,152,154,135,147
18,22.06.11,rh72,X,8,105,111,145,147,186,188,95,107,151,163,193,205,138,140,298,302,102,106,154,172,135,149
19,22.06.11,rh82,,8,105,111,147,147,186,186,95,107,151,163,193,205,138,140,298,302,102,106,154,172,127,135
20,24.06.11,rh121,X,16,101,101,143,145,186,218,95,109,151,151,179,191,140,140,306,310,106,106,152,166,127,147
21,24.06.11,rh133,X,17,101,121,145,149,184,194,107,111,143,147,179,193,134,142,308,330,106,106,152,156,143,147
22,24.06.11,rh137r,,18,109,115,147,149,192,218,111,115,151,151,207,211,138,140,298,322,106,106,166,166,139,145
23,20.06.11,mh22,,19,117,117,135,147,186,186,107,107,145,151,179,213,140,140,300,308,106,110,166,166,127,151
24,20.06.11,mh25,X,2,101,101,145,145,184,184,95,115,143,151,179,193,138,138,308,310,104,106,152,152,141,145
25,21.06.11,js13,,10,101,125,139,147,184,218,107,119,145,151,189,193,140,140,306,310,102,106,152,166,131,149
26,21.06.11,js17,,10,101,101,145,147,184,218,107,119,145,151,189,193,140,140,308,308,102,106,154,166,131,149
27,21.06.11,js18,,5,97,111,139,147,184,184,107,109,145,151,179,195,138,140,300,308,106,106,152,152,125,135
28,21.06.11,js19,,20,97,119,145,145,188,218,107,115,151,163,179,193,140,142,308,308,106,106,150,166,131,145
29,21.06.11,js20,X,19,117,117,135,147,186,186,107,107,145,151,205,213,140,140,300,308,110,110,152,166,127,131
30,21.06.11,js43,,21,101,119,143,145,186,186,95,111,143,151,179,209,140,142,302,322,104,106,152,166,143,145
31,22.06.11,js57,,8,101,111,145,147,186,188,95,107,151,163,193,205,138,140,282,302,102,106,154,172,127,135
32,22.06.11,js59,,8,105,111,147,147,186,186,95,107,151,163,193,205,138,140,298,302,102,106,154,172,135,149
33,22.06.11,js61,,8,105,111,147,147,186,186,95,107,151,163,193,205,138,140,298,302,102,106,154,172,127,135
34,22.06.11,js69,,22,101,111,139,143,186,188,107,109,143,151,181,193,140,140,300,302,106,110,154,172,131,135
35,22.06.11,js73,,22,105,111,139,143,188,188,107,109,143,151,181,193,138,140,302,302,106,106,152,172,135,149
36,23.06.11,js78,,6,109,125,145,145,184,186,109,109,145,151,179,179,134,138,302,308,106,110,166,168,135,147
37,23.06.11,js89,,23,101,117,147,149,184,190,95,107,151,165,193,193,140,146,310,310,102,106,150,152,127,147
38,23.06.11,js91,,24,97,101,135,143,186,194,95,111,149,151,177,179,138,140,282,308,104,106,154,166,149,149
39,23.06.11,js102,,5,97,111,147,147,184,184,107,109,145,151,179,195,138,140,300,308,106,106,152,152,125,135
40,23.06.11,js103,X,25,101,103,139,143,186,188,95,107,145,151,179,195,138,140,294,302,106,106,144,150,127,149
41,24.06.11,js121,,8,101,111,147,147,186,188,95,107,151,151,193,205,138,140,298,302,102,106,154,172,127,135
42,21.06.11,gb1,,1,97,101,145,147,188,188,95,107,143,145,187,193,134,138,308,308,104,106,150,154,143,145
43,21.06.11,gb3,X,4,111,117,135,145,194,218,95,95,147,151,179,195,140,140,282,308,106,106,166,168,141,149
44,21.06.11,gb7,X,26,101,111,135,145,184,194,95,95,145,153,179,179,140,140,302,310,102,106,154,166,135,147
45,21.06.11,gb11,,4,111,117,135,135,194,218,95,107,143,151,179,195,140,140,298,308,106,106,166,168,141,149
46,22.06.11,gb42,,27,97,101,139,151,186,218,107,125,145,149,179,207,138,140,300,322,102,110,150,152,135,139
47,22.06.11,gb48,X,22,101,111,139,145,186,188,107,109,143,151,181,193,140,140,300,302,106,110,152,172,135,149
48,22.06.11,gb50,,22,105,111,139,143,188,188,107,109,143,151,179,181,138,140,300,302,106,110,152,172,131,135
49,23.06.11,r43,X,6,109,125,145,145,184,188,109,109,145,145,179,179,134,138,302,308,102,106,166,168,135,147
50,23.06.11,r66,,5,111,131,147,147,184,184,107,109,145,151,179,195,138,140,300,308,106,106,152,154,125,135
51,20.06.11,sh15,X,28,101,101,135,137,188,188,95,95,145,153,179,179,138,140,298,304,102,106,152,166,131,135
52,20.06.11,sh18,,15,101,119,145,151,188,188,95,109,145,151,179,179,140,140,300,308,106,106,150,156,145,147
53,21.06.11,sh41,X,29,101,101,137,143,184,188,95,109,151,151,179,193,138,140,302,306,106,110,152,152,0,0
54,21.06.11,sh48,X,3,101,101,143,151,184,194,95,107,145,151,191,193,138,140,308,308,104,106,152,154,129,145
55,22.06.11,sh60,,8,101,111,145,147,186,188,95,107,151,151,193,205,138,140,298,302,102,106,154,172,127,135
56,24.06.11,sh74,X,30,101,101,145,145,188,190,95,109,151,151,179,213,140,140,308,308,106,106,152,166,131,147
57,22.06.11,sa10,,14,101,113,135,135,194,194,95,107,145,163,179,195,140,140,310,312,104,106,144,154,127,127
58,22.06.11,sa23,,8,101,111,147,147,186,186,95,107,151,163,193,205,138,140,298,302,102,106,154,172,135,149
59,23.06.11,sa38,,31,97,101,145,145,184,186,95,107,147,151,193,193,140,140,298,308,102,104,154,166,145,149
60,23.06.11,sa43,,15,101,119,143,151,188,188,95,95,151,151,179,179,140,140,300,308,106,106,154,156,145,147
61,23.06.11,sa44,,32,101,119,145,149,186,190,95,107,145,147,179,179,140,140,306,306,106,110,152,152,145,145
62,23.06.11,sa46,,33,97,131,145,145,184,188,95,107,145,151,189,203,140,142,300,308,102,106,166,166,135,135
63,23.06.11,sa60,,31,97,101,145,149,184,186,95,107,147,151,193,193,140,140,298,308,104,106,154,166,145,149
64,27.06.11,rh148,,34,101,101,145,153,184,184,109,109,145,165,179,179,140,140,298,322,106,106,154,168,127,131
65,27.06.11,sa78,,35,101,111,139,145,184,188,95,95,145,145,179,205,140,140,302,310,106,106,150,154,139,149
66,27.06.11,sa79,,36,109,125,135,137,184,188,95,109,147,151,179,179,140,140,282,306,106,106,152,152,127,143
67,27.06.11,r89,X,37,97,101,143,145,186,186,95,95,147,151,179,181,138,140,322,332,102,106,154,156,139,147
68,27.06.11,mh37,X,23,101,117,137,147,184,190,95,107,147,165,179,193,142,146,310,310,102,106,150,152,125,147
69,27.06.11,mh44,X,38,101,115,145,151,184,188,95,119,151,163,179,179,138,144,308,308,106,106,152,174,127,131
70,27.06.11,mh48,,19,105,117,135,147,186,186,107,107,145,151,179,213,140,142,300,300,110,110,152,166,127,151
71,04.07.11,jp83,,39,101,111,137,155,186,190,107,107,151,151,179,203,140,140,298,306,102,102,154,166,145,147
72,05.07.11,lh152,,10,101,101,139,147,184,218,95,119,145,151,193,193,140,140,308,308,102,106,154,166,131,149
73,05.07.11,lh157,X,40,101,101,141,147,184,186,109,109,151,151,179,193,138,140,306,306,102,102,152,166,127,131
74,05.07.11,r154,X,41,101,125,135,151,186,218,95,107,151,163,179,211,136,140,302,306,106,106,166,166,131,135
75,05.07.11,r155,X,7,97,101,145,145,188,194,107,109,143,163,179,193,140,140,308,308,106,106,150,174,131,145
76,05.07.11,r173,,8,101,111,145,147,186,186,95,107,151,163,193,205,138,140,298,302,102,106,154,172,135,149
77,05.07.11,js192,,28,101,101,135,143,188,188,95,95,145,151,179,179,138,140,294,298,102,104,152,166,135,147
78,05.07.11,js195,,42,97,101,145,151,218,218,107,115,145,151,191,193,134,140,298,308,102,106,154,166,147,149
79,05.07.11,sh184,,12,103,113,135,143,184,194,95,107,143,145,179,195,140,140,306,312,104,106,154,166,127,139
80,05.07.11,sh186,,8,105,111,145,147,186,188,95,107,151,163,193,205,138,140,298,302,102,106,154,172,127,135
81,05.07.11,gb108,X,43,101,117,135,137,184,194,95,119,149,151,193,207,140,140,308,308,104,106,152,152,127,135
82,07.07.11,lh161,X,44,111,117,139,143,184,186,109,121,151,151,181,193,140,140,308,308,110,110,154,174,139,147
83,07.07.11,r180,X,45,101,115,135,143,184,194,111,115,145,151,179,187,140,140,302,312,106,106,166,168,127,127
84,07.07.11,r209,,9,119,125,137,145,186,188,95,107,145,145,191,193,138,140,310,322,102,106,152,166,145,145
85,07.07.11,rh242,,8,101,111,147,147,186,186,95,107,151,151,193,205,138,140,298,302,102,106,154,172,127,135
86,07.07.11,sh193,X,42,97,101,145,151,184,218,107,115,145,151,179,191,140,140,298,308,102,106,152,154,145,147
87,07.07.11,sh210,,9,119,125,145,153,186,188,95,95,145,145,191,193,138,140,306,310,102,106,152,166,145,145
88,07.07.11,gb143,,46,101,117,137,153,188,188,95,107,151,151,179,193,140,140,306,322,102,102,152,154,145,145
89,07.07.11,gb144,,46,101,101,137,153,188,188,95,107,151,151,179,193,140,140,304,322,102,102,152,168,145,145
90,11.07.11,r225,,47,97,119,135,145,186,188,95,107,145,151,191,191,140,140,302,322,106,110,150,166,127,149
91,11.07.11,r226,,39,101,111,137,155,186,190,107,107,151,151,193,203,140,140,298,306,102,106,154,166,145,147
92,11.07.11,rh272,X,18,101,115,145,147,200,218,95,115,151,151,189,211,140,144,298,322,106,110,166,166,125,139
93,11.07.11,rh292,X,47,101,119,135,145,186,188,95,107,145,151,191,191,140,140,302,322,106,110,150,166,127,149
94,11.07.11,rh294,,10,101,101,145,147,184,186,107,119,145,151,193,193,140,140,308,308,102,106,152,166,131,147
95,11.07.11,rh301,X,48,117,131,137,151,188,218,107,109,145,147,179,193,138,140,282,310,106,106,166,172,139,147
96,11.07.11,rh302,X,36,109,125,135,135,186,188,109,121,147,151,179,179,140,140,282,302,102,106,152,152,125,127
97,11.07.11,js235,,47,97,119,135,145,186,188,95,107,145,151,177,191,140,140,302,302,106,110,150,166,127,139
98,11.07.11,js237,,3,101,111,143,145,184,194,95,107,151,151,191,193,138,138,308,308,104,106,152,154,129,145
99,11.07.11,js238,,5,111,131,139,147,184,184,107,109,145,151,179,195,138,140,300,308,106,106,152,152,125,135
100,11.07.11,js241,X,21,97,101,143,145,186,186,95,111,145,151,179,209,140,140,302,310,102,104,152,156,143,145
101,11.07.11,sh219,X,49,95,101,137,149,184,188,95,109,151,151,179,205,134,134,302,306,102,106,144,150,127,145
102,11.07.11,sh229,,28,101,101,135,137,188,188,95,95,145,153,179,191,138,140,298,304,102,104,166,170,135,147
103,11.07.11,sh240,X,50,101,101,135,147,190,218,107,115,145,151,179,179,140,146,282,324,106,106,166,166,127,139
104,11.07.11,gb164,X,32,101,101,137,145,188,190,95,107,145,147,179,193,140,140,306,322,102,106,152,152,127,145
105,11.07.11,gb166,,8,101,111,147,147,186,186,95,107,151,163,193,205,138,140,282,302,102,106,154,172,127,135
106,11.07.11,sa105,,18,101,115,145,147,192,218,111,115,151,151,207,211,140,144,282,322,106,110,166,166,125,139
107,11.07.11,sa107,X,51,101,103,145,153,184,218,95,105,147,151,179,193,134,138,308,312,102,106,152,154,127,141
108,11.07.11,sa109,X,27,97,101,151,155,186,218,107,125,149,151,179,207,138,140,306,322,106,110,150,152,135,139
109,11.07.11,sa120,,9,119,125,145,153,186,188,95,95,145,145,191,193,138,140,310,322,102,110,152,152,127,145
110,11.07.11,sa122,X,52,97,101,145,145,184,184,95,95,145,155,179,195,138,140,298,322,106,106,166,168,127,139
111,12.07.11,gb175,X,53,101,101,147,147,186,188,95,111,143,147,177,179,134,140,306,330,102,102,144,168,133,147
112,12.07.11,rh312,,31,101,101,145,145,184,186,95,107,151,151,193,193,140,140,308,324,104,106,154,166,145,149
113,12.07.11,rh321,,4,101,117,135,135,194,218,95,107,143,151,179,207,140,142,282,308,106,106,166,168,139,141
114,12.07.11,rh323,X,5,97,111,139,147,184,184,107,109,145,151,179,195,138,140,300,300,106,106,152,152,125,135
115,12.07.11,js246,X,31,101,101,145,149,184,186,95,107,151,151,193,193,140,140,308,324,102,104,152,166,127,145
116,12.07.11,js248,,31,101,101,145,149,184,218,95,107,147,151,193,193,140,140,298,308,102,104,154,166,145,149
117,13.07.11,lh244,X,54,101,125,135,147,186,188,95,119,145,163,179,179,134,134,300,308,102,102,150,172,139,145
118,13.07.11,lh245,X,55,119,131,139,151,190,194,95,107,143,149,179,191,140,140,308,322,102,106,152,152,131,145
119,13.07.11,lh251,,56,111,125,137,145,184,186,107,109,145,165,191,193,138,140,306,312,106,110,150,154,131,147
120,13.07.11,r304,,47,97,119,135,151,186,188,95,107,145,151,177,191,140,140,302,302,106,106,150,166,127,139
121,13.07.11,r310,X,57,103,103,147,153,188,188,107,107,145,147,179,187,134,134,300,308,102,106,166,166,145,147
122,13.07.11,rh356,X,58,101,111,135,151,186,194,95,107,145,151,179,193,140,140,298,298,106,110,154,166,127,139
123,13.07.11,rh357,,59,101,101,135,151,184,186,95,109,143,147,179,179,140,140,308,310,106,110,152,166,139,145
124,13.07.11,sh299,,46,101,117,137,145,188,188,95,95,151,151,179,193,140,140,306,322,102,102,152,154,145,145
125,13.07.11,gb215,X,33,101,131,145,145,188,218,95,107,145,147,189,203,140,142,300,308,102,106,166,166,135,145
126,13.07.11,gb223,X,39,101,111,137,155,184,186,107,107,151,151,193,203,140,140,300,306,102,102,154,166,145,147
127,14.07.11,lh257,X,60,101,119,135,135,186,192,95,107,151,151,179,193,134,140,282,308,106,110,154,166,131,147
128,14.07.11,lh273,X,61,101,111,143,143,184,218,95,109,143,143,191,193,140,140,298,298,102,110,152,166,127,129
129,14.07.11,rh368,X,62,101,103,147,151,188,190,95,95,145,147,179,195,138,138,298,300,106,106,152,166,127,127
130,14.07.11,rh374,,59,101,101,135,145,186,194,95,109,143,151,179,179,140,140,302,308,106,110,152,166,139,149
131,14.07.11,rh387,,63,101,117,147,147,186,188,107,109,151,163,179,211,140,148,308,322,106,110,172,172,127,127
132,14.07.11,rh391,X,64,111,111,139,145,186,186,95,95,145,151,177,177,140,140,302,306,106,106,152,152,127,145
133,14.07.11,sd1,X,65,101,111,135,145,186,186,95,115,143,145,177,187,138,140,282,308,106,106,166,166,127,131
134,14.07.11,sh309,X,66,111,131,147,151,188,188,95,95,145,151,179,193,140,142,308,308,102,106,150,166,139,145
135,14.07.11,sh333,X,67,101,125,135,143,186,188,109,121,143,151,179,179,134,140,308,308,102,110,152,166,129,131
136,15.07.11,r338,X,68,101,101,135,145,184,186,95,109,145,151,179,189,140,140,306,306,106,106,152,156,139,149
137,15.07.11,r341,,47,97,119,135,145,186,188,95,95,145,151,191,191,140,140,302,322,106,106,150,166,127,139
138,15.07.11,r350,X,24,101,101,143,147,186,194,95,111,143,151,179,179,140,140,282,308,104,106,154,166,149,149
139,15.07.11,rh403,,21,97,101,135,145,184,186,95,111,143,151,179,209,140,140,300,302,104,106,152,166,145,145
140,15.07.11,rh423,,59,101,101,135,151,184,186,95,109,143,151,179,179,140,140,302,308,106,106,152,166,139,145
141,15.07.11,gb239,,34,101,101,145,153,184,184,109,109,145,165,179,179,140,140,298,322,106,106,150,154,127,131
142,15.07.11,sa155,,24,97,101,135,143,186,186,95,111,143,151,179,179,138,140,282,308,104,106,152,154,127,149
143,15.07.11,sa170,,33,101,131,143,145,184,188,95,115,145,151,189,203,140,142,300,308,102,106,166,166,135,135
144,15.07.11,sa172,X,59,101,101,135,145,184,186,95,109,143,147,179,203,140,140,302,308,106,110,166,166,139,145
145,20.07.11,rh431,X,69,101,119,143,145,186,218,107,109,145,147,179,207,140,142,306,322,106,106,152,172,145,147
146,21.06.11,lh37_m,,34,101,125,145,153,184,184,109,109,145,149,179,179,134,140,298,322,106,106,154,168,127,131
147,23.06.11,lh79_m,X,70,101,119,137,139,188,188,95,119,151,151,179,187,140,140,298,300,106,110,152,168,127,145
148,24.06.11,r72_m,X,71,101,105,139,145,186,188,95,95,151,151,179,179,138,140,302,306,102,106,154,166,127,147
149,24.06.11,r78_m,X,72,97,101,137,147,186,188,95,109,145,145,179,179,138,140,302,302,106,110,168,174,127,135
150,24.06.11,r83_m,,3,101,111,143,145,188,194,95,109,151,151,191,193,138,138,308,322,102,104,152,154,129,135
151,23.06.11,rh101_m,,56,101,111,137,147,184,186,109,109,145,165,191,191,134,140,306,312,106,110,152,154,131,147
152,23.06.11,rh103_m,X,56,101,111,137,147,184,186,107,109,151,165,191,191,134,140,306,312,110,110,150,154,131,147
153,21.06.11,js15_m,X,73,101,117,135,137,184,218,107,121,145,163,193,207,140,148,302,302,106,106,152,152,135,149
154,23.06.11,js81_m,,34,101,101,145,153,184,184,109,109,145,149,179,195,140,140,298,322,106,106,154,168,127,145
155,23.06.11,js86_m,,56,111,125,137,147,184,186,109,109,145,165,191,191,138,140,306,312,106,110,152,154,131,131
156,23.06.11,js96_m,,48,101,131,137,151,188,218,107,109,145,147,179,179,138,140,282,310,104,106,166,172,139,147
157,20.06.11,kt19_m,,3,101,111,143,151,188,194,95,109,145,151,179,193,138,138,308,308,104,106,152,154,129,135
158,21.06.11,gb13_m,X,74,103,119,143,143,218,218,95,95,147,151,179,179,140,146,300,308,104,106,154,166,135,143
159,23.06.11,r63_m,,34,101,101,145,153,184,184,109,121,145,165,179,179,140,140,298,322,106,106,154,168,127,131
160,24.06.11,gb61_m,X,75,101,101,135,143,218,218,115,115,145,153,179,193,140,140,306,322,102,102,154,166,131,135
161,21.06.11,sh42_m,,76,97,101,143,149,184,188,107,107,145,163,179,193,140,140,300,306,102,106,154,166,127,131
162,21.06.11,kt22_m,X,77,101,105,139,155,188,218,107,109,151,151,179,179,140,146,302,306,102,106,154,154,129,147
163,22.06.11,jp13_m,,60,101,119,135,135,186,192,95,107,151,151,179,207,134,140,282,308,106,110,166,166,131,149
164,23.06.11,jp32_m,X,76,97,101,143,149,184,188,107,107,145,163,179,193,138,140,300,306,102,106,154,166,127,131
165,23.06.11,sa32_m,,23,101,105,147,149,184,190,95,107,151,165,179,193,142,146,308,312,102,106,150,152,125,147
166,23.06.11,sa39_m,,34,101,125,145,153,184,184,109,121,145,165,179,195,140,140,298,300,106,106,154,168,127,131
167,23.06.11,sa41_m,,70,101,119,139,143,188,188,95,119,151,151,179,187,140,140,298,298,110,110,152,168,127,145
168,27.06.11,r91_m,,3,101,101,143,151,184,194,95,107,151,151,179,193,138,140,308,322,104,106,152,154,129,145
169,29.06.11,rh159_m,X,46,101,101,137,145,188,188,95,107,151,151,179,193,140,140,306,322,102,102,152,154,145,145
170,29.06.11,rh160_m,,46,101,117,137,153,188,188,95,107,151,151,179,193,140,140,304,322,102,102,152,168,131,145
171,30.06.11,sh127_m,X,78,101,125,143,149,184,188,109,121,151,153,179,213,140,140,300,308,104,106,166,166,129,139
172,04.07.11,lh138_m,,23,101,117,137,147,188,190,95,107,151,165,193,193,140,146,310,310,102,106,150,152,125,147
173,04.07.11,sh169_m,,34,101,125,141,153,184,184,109,121,145,149,179,195,134,140,298,322,106,106,154,168,127,145
174,05.07.11,rh235_m,X,79,97,101,135,145,186,186,95,107,153,163,179,193,138,140,298,300,102,106,156,170,139,145
175,05.07.11,js196_m,,28,101,101,135,143,188,188,95,95,145,153,179,191,138,140,294,298,102,106,166,170,135,147
176,05.07.11,sh178_m,X,80,101,101,137,145,184,186,95,109,151,163,179,179,134,140,282,298,106,110,144,154,127,135
177,11.07.11,sa119_m,,28,101,101,135,143,188,188,95,95,145,151,179,191,138,140,298,304,102,106,166,170,135,147
178,12.07.11,lh209_m,,56,111,125,137,147,184,186,107,109,145,165,191,191,138,140,306,312,110,110,150,154,131,147
179,12.07.11,rh330_m,,28,101,101,135,143,188,188,95,95,145,151,179,191,138,140,294,298,102,104,152,166,131,135
180,13.07.11,rh362_m,,23,101,105,137,147,184,190,95,107,147,165,193,193,142,146,308,312,102,106,150,152,125,147
181,14.07.11,sh331_m,X,34,101,101,145,153,184,188,109,121,145,165,179,179,140,140,298,300,106,106,154,168,127,145
182,14.07.11,jp105_m,,74,103,119,143,143,218,218,95,95,145,151,179,179,140,146,300,306,104,106,154,166,135,143
183,20.07.11,rh436_m,,61,101,111,143,145,184,194,95,109,143,147,191,193,140,146,298,298,104,110,152,152,127,129
184,22.07.11,rh482_m,X,81,97,101,137,145,186,188,95,117,145,151,179,179,140,140,300,310,102,106,150,152,139,149
185,21.06.11,lh23,X,20,97,119,145,145,188,194,107,115,151,163,177,179,140,142,308,308,106,106,150,174,145,147
186,21.06.11,rm14,,10,101,101,145,147,184,186,107,119,145,151,193,193,140,140,308,308,102,106,154,166,131,149
187,22.06.11,rm29,,8,101,111,147,147,186,186,95,107,151,151,193,205,138,140,298,302,102,106,154,172,135,149
188,22.06.11,rm30,,8,105,111,145,147,186,186,95,107,151,163,193,205,138,140,298,302,102,106,154,172,127,135
189,20.06.11,rh12,,35,101,111,139,145,186,188,95,95,145,151,179,205,140,140,302,310,106,106,150,152,139,149
190,20.06.11,rh14,,5,111,131,147,147,184,184,107,109,145,151,179,195,138,140,300,300,106,106,152,154,135,147
191,21.06.11,rh42,,5,111,131,139,147,184,184,107,109,145,151,179,195,138,140,300,308,106,106,152,154,125,135
192,21.06.11,rh56,X,10,101,125,145,147,184,218,107,119,145,151,193,193,140,140,306,310,102,106,152,166,131,147
193,21.06.11,rh57,,8,101,111,145,147,186,188,95,107,151,163,193,205,138,140,282,302,102,106,154,172,127,135
194,21.06.11,rh60,,35,101,111,139,145,184,188,95,95,145,151,205,215,140,140,300,302,106,106,150,154,139,149
195,22.06.11,rh69,,8,105,111,147,147,186,186,95,107,151,163,193,205,138,140,298,302,102,106,154,172,135,149
196,20.06.11,kt9,X,82,101,111,143,147,184,186,95,109,145,151,179,179,140,140,308,308,106,106,154,172,131,145
197,21.06.11,jp21,X,35,101,111,143,145,184,188,95,95,145,145,179,205,140,140,300,302,106,106,150,152,131,149
198,23.06.11,jp26,X,83,97,101,135,135,184,188,107,111,151,151,179,203,140,140,298,310,102,104,152,156,139,145
199,23.06.11,jp37,,47,101,119,135,145,184,188,95,107,145,151,177,191,140,140,302,322,106,106,150,166,127,149
200,24.06.11,jp45,,7,97,101,145,145,188,194,107,109,143,163,177,179,140,140,308,308,106,106,150,166,131,145
201,04.07.11,sh170,X,84,101,103,143,153,184,218,95,95,151,151,179,179,138,140,300,308,106,110,166,166,145,147
202,05.07.11,lh150,,12,101,113,135,143,186,194,95,107,143,145,179,195,140,140,306,312,104,106,154,166,127,139
203,05.07.11,js210,X,85,101,105,145,147,184,186,109,111,143,145,177,189,138,140,306,310,104,110,154,156,145,147
204,07.07.11,r179,,8,105,111,145,147,186,186,95,107,151,163,193,205,138,140,282,302,102,106,154,172,135,149
205,12.07.11,lh215,,6,109,125,145,145,184,188,109,109,145,145,179,179,134,138,302,308,106,110,166,168,135,147
206,14.07.11,lh261,,7,97,101,145,145,188,194,107,109,143,163,177,179,138,140,308,308,106,106,150,174,131,145
207,14.07.11,lh272,X,63,101,101,147,147,186,188,107,109,145,151,179,179,138,140,308,322,106,110,172,172,127,127
208,14.07.11,jp89,,15,101,111,143,151,188,188,95,95,151,151,179,213,140,140,300,308,106,106,150,156,145,147
209,14.07.11,jp103,,3,101,111,143,145,184,194,95,109,151,151,191,193,138,138,308,322,104,106,152,154,129,135
210,14.07.11,jp108,X,86,101,105,145,145,188,218,107,107,143,151,179,203,140,140,308,308,104,106,152,152,127,127
211,15.07.11,jp116,,83,97,101,135,135,184,188,107,111,145,151,193,203,140,140,298,310,104,106,152,156,139,145
212,15.07.11,jp117,,83,101,101,135,147,184,188,107,111,145,151,193,203,140,140,298,310,102,104,152,156,139,145
213,20.06.11,lh16,X,87,101,103,145,151,184,190,95,95,143,151,179,215,134,140,298,306,106,110,154,164,145,145
214,24.06.11,js120,X,88,101,121,137,149,186,218,95,107,145,151,179,179,140,140,300,322,102,106,166,172,135,147
,,,,,,,,,,,,,,,,,,,,,,,,,,
,,,,,,,,,,,,,,,,,,,,,,,,,,
,,,,,,,,,,,,,,,,,,,,,,,,,,
,,,,,,,,,,,,,,,,,,,,,,,,,,
,,,,,,,,,,,,,,,,,,,,,,,,,,
,,,,,,,,,,,,,,,,,,,,,,,,,,
,,,,,,,,,,,,,,,,,,,,,,,,,,
,,,,,,,,,,,,,,,,,,,,,,,,,,
