Colony,Family size,Queen ID,Btern01,Btern01,BT10,BT10,BTMS0045,BTMS0045,BT26,BT26,BL11,BL11,BT18,BT18,B96,B96,BL03,BL03,BTMS0033,BTMS0033,BL06,BL06,B10,B10,B124,B124,BTMS0125,BTMS0125,B126,B126
1,3,#1,97,97,152,158,236,238,120,134,156,158,182,184,234,240,147,147,205,211,154,154,191,191,247,251,104,116,172,172
2,1,#2,97,115,156,158,236,242,116,124,158,158,180,184,234,240,125,139,203,205,154,172,191,191,251,267,110,112,174,178
3,1,#3,97,107,150,156,236,240,116,196,154,158,180,182,234,234,139,149,203,205,154,168,183,191,251,257,100,120,172,174
4,2,#4,97,115,156,158,236,244,120,120,152,158,182,184,234,234,133,139,203,205,156,162,185,193,247,257,102,110,172,172
5,2,#5,97,117,148,150,236,236,116,124,152,158,182,186,234,234,139,145,194,200,156,156,191,191,247,247,114,118,174,174
6,2,#6,97,97,156,156,236,236,120,122,158,160,182,182,234,240,133,139,194,205,156,156,191,191,241,247,114,116,172,184
7,1,#7,97,97,156,162,236,240,116,120,156,158,182,184,234,234,139,147,203,205,154,158,189,191,251,255,100,104,172,172
8,1,#8,97,117,156,158,236,238,116,144,156,158,180,184,234,238,139,143,205,211,154,170,191,193,251,253,112,118,172,178
9,1,#9,97,113,156,168,236,240,116,120,154,158,180,182,234,234,139,147,205,211,154,166,193,197,251,251,100,116,172,172
10,3,#10,97,99,156,156,238,246,116,116,156,168,182,182,240,240,143,147,200,205,154,162,177,177,251,251,110,120,172,172
11,2,#11,97,97,148,156,236,240,116,116,158,160,182,182,240,240,143,143,203,205,152,154,177,189,247,247,116,116,172,172
12,1,#12,97,117,154,156,236,244,110,120,158,162,180,182,234,240,139,149,205,211,154,156,195,203,247,259,110,120,172,178
13,2,#13,113,117,156,156,236,236,120,120,158,180,182,182,234,234,139,139,205,208,156,156,177,177,235,247,100,110,172,174
14,1,#14,97,119,154,156,236,238,116,120,158,162,180,184,234,240,139,147,203,205,154,154,191,197,251,255,112,120,172,178
15,3,#15,117,121,170,174,236,236,116,116,156,156,184,184,240,240,147,151,200,203,154,154,191,203,251,253,102,114,178,178
16,3,#16,117,119,168,170,242,244,124,130,154,156,182,184,234,242,125,137,205,205,154,170,187,211,247,247,100,120,172,180
17,2,#17,97,97,156,156,234,244,120,160,156,160,184,184,234,234,133,151,205,205,156,172,191,191,241,243,102,112,172,172
18,1,#18,97,117,156,170,236,236,116,124,156,158,180,182,234,240,139,147,205,208,154,158,177,189,239,251,108,112,172,178
19,1,#19,97,97,148,156,236,240,116,120,156,158,182,184,234,234,133,139,205,205,148,154,203,211,241,251,110,116,172,178
20,1,#20,97,105,156,164,236,236,116,120,156,158,182,182,234,234,139,149,205,208,152,154,191,207,241,253,110,114,172,172
21,2,#21,97,97,156,156,236,236,116,116,160,164,184,184,234,234,149,149,205,208,154,154,179,203,247,263,112,112,172,172
22,1,#22,97,115,150,156,236,240,116,122,156,158,180,184,234,240,139,147,205,205,154,172,189,191,251,253,100,116,172,178
23,1,#23,97,115,156,164,236,236,116,120,158,158,182,184,234,240,149,153,205,205,154,158,189,191,251,263,112,120,172,172
24,5,#24,111,117,148,150,236,238,110,116,158,160,184,184,240,242,139,147,205,211,156,170,201,207,245,249,104,120,178,188
25,3,#25,97,97,156,160,236,236,110,122,152,158,182,182,234,240,139,143,205,205,154,154,193,195,249,255,116,116,178,184
26,1,#26,97,117,150,156,236,236,116,122,158,164,180,184,234,240,139,157,205,208,154,168,177,193,247,251,104,120,172,178
27,4,#27,107,117,150,164,236,236,172,178,154,158,182,182,234,240,149,149,203,203,154,164,203,207,241,251,100,102,178,188
28,1,#28,97,119,156,160,236,238,116,122,158,158,182,188,234,240,133,139,205,208,154,154,195,203,251,251,100,118,172,172
29,1,#29,97,99,156,158,236,246,116,120,152,158,182,184,234,234,135,139,205,205,154,156,191,213,245,251,100,102,172,178
30,1,#30,97,111,154,156,236,244,116,144,156,158,182,184,234,240,129,149,203,205,154,154,177,193,243,251,100,116,172,190
31,1,#31,97,115,156,160,236,244,116,120,156,158,182,184,234,234,139,143,205,211,154,156,191,191,239,251,100,108,172,178
32,2,#32,113,117,156,158,236,236,116,122,156,158,184,184,234,234,139,147,203,205,156,172,193,205,251,251,112,112,172,176
33,2,#33,109,117,156,158,236,242,144,178,158,158,182,182,234,234,149,149,200,208,154,166,191,193,243,255,110,120,172,172
34,1,#34,97,117,150,156,236,240,116,144,158,160,182,184,234,234,139,151,205,208,154,154,193,201,247,255,114,120,172,190
35,1,#35,97,97,156,156,236,238,116,122,158,162,182,184,234,234,139,147,205,211,154,156,191,207,251,253,102,116,172,176
36,4,#36,97,97,148,164,236,242,120,124,158,158,182,184,234,240,139,149,203,211,154,156,203,203,241,241,108,120,172,174
37,3,#37,97,117,160,164,236,236,124,144,158,158,182,184,238,240,147,153,205,205,154,164,189,193,255,255,104,120,172,172
38,1,#38,97,107,156,158,236,238,120,150,158,162,182,184,234,240,149,153,203,205,154,156,191,209,235,251,114,116,172,176
39,1,#39,97,117,152,156,234,236,116,120,158,160,180,182,234,240,149,153,205,217,152,154,191,201,241,251,102,104,172,178
40,1,#40,97,97,148,156,236,244,116,116,156,158,182,184,234,240,135,139,203,205,154,172,191,193,241,251,108,112,172,174
41,1,#41,97,115,150,156,234,236,116,122,156,158,182,184,234,240,139,145,205,208,154,162,183,191,239,251,100,108,172,178
42,2,#42,117,117,156,158,236,244,116,124,158,158,184,184,234,240,149,149,203,203,154,154,177,177,241,251,106,110,178,178
43,3,#43,97,117,156,160,236,244,116,130,158,162,180,184,234,240,129,139,208,211,154,154,187,191,247,251,100,108,172,172
44,1,#44,97,97,150,156,236,244,116,120,158,158,182,182,234,240,143,147,200,205,154,162,203,209,251,251,104,108,172,180
45,1,#45,93,97,156,158,236,240,116,144,158,158,182,182,234,240,147,149,205,205,154,172,189,193,247,251,102,116,172,172
46,1,#46,97,117,154,156,234,236,120,122,156,158,182,182,234,234,139,145,205,208,154,168,177,203,243,247,100,120,174,178
47,1,#47,93,97,156,156,236,244,116,120,152,158,180,184,234,240,139,147,205,208,154,160,189,193,251,251,104,112,172,172
48,1,#48,97,115,152,156,236,244,116,120,156,158,182,184,234,240,133,139,200,205,154,162,191,205,247,251,108,110,172,178
49,1,#49,97,119,156,156,236,244,116,120,158,160,180,182,234,240,139,151,203,205,154,154,183,191,251,257,110,114,172,176
50,2,#50,97,97,156,158,236,248,120,120,152,154,182,182,240,240,149,149,205,205,154,154,193,193,235,253,102,118,176,180
51,4,#51,117,117,156,156,236,244,116,116,156,156,182,184,234,234,135,153,205,205,158,158,193,205,243,245,112,112,172,172
52,1,#52,97,115,156,158,236,244,116,122,156,158,180,184,234,240,139,151,205,211,154,156,177,185,249,251,102,110,172,194
53,2,#53,97,97,154,170,236,236,122,150,158,158,180,182,234,240,149,149,205,205,156,168,177,203,243,251,110,110,172,180
54,2,#54,97,97,156,156,236,238,110,116,158,158,180,184,238,240,139,139,203,211,154,156,177,177,247,247,100,100,174,174
55,2,#55,97,117,156,158,236,236,110,120,156,156,184,184,234,234,139,139,205,205,150,156,191,191,251,253,102,102,172,178
56,1,#56,97,117,156,168,236,238,116,120,154,158,180,182,238,240,139,147,205,208,154,156,191,199,239,251,104,116,172,188
57,3,#57,109,117,156,158,236,236,144,178,156,156,182,184,234,240,139,139,200,208,156,170,191,191,243,255,110,120,172,188
58,1,#58,97,115,154,156,234,236,120,124,156,158,180,184,234,240,129,139,205,205,154,160,201,203,239,251,110,112,172,178
59,6,#59,97,119,150,156,240,244,116,120,152,158,180,184,238,240,139,147,203,205,160,168,191,195,255,255,100,112,172,188
60,1,#60,97,113,150,156,236,238,120,144,156,158,182,184,234,234,139,149,205,205,154,168,177,193,251,251,102,114,172,174
61,1,#61,93,97,148,156,236,240,120,146,158,158,182,184,234,242,139,151,205,208,154,154,201,203,241,251,100,104,172,172
62,3,#62,97,97,160,170,236,240,116,150,156,160,182,182,234,234,147,147,205,208,156,166,203,203,247,261,108,116,172,178
63,1,#63,93,97,154,156,236,236,110,116,156,158,182,182,234,240,139,151,205,208,154,168,193,203,239,251,106,110,172,178
64,4,#64,117,117,158,162,236,236,144,184,152,152,178,182,234,240,143,145,205,208,158,168,193,203,255,257,100,116,178,178
65,1,#65,97,119,156,158,236,240,116,124,152,158,180,184,234,240,139,139,203,205,150,154,187,191,251,261,112,118,172,174
66,2,#66,97,117,156,162,234,236,144,186,156,158,182,184,240,240,139,151,205,211,156,156,193,203,257,261,110,112,172,172
67,3,#67,117,117,156,158,236,238,144,188,154,160,180,186,234,234,147,147,205,205,158,168,193,203,247,251,102,106,174,176
68,1,#68,97,97,148,156,236,242,116,150,156,158,180,184,234,240,139,145,205,205,152,154,201,203,241,251,110,110,172,178
69,1,#69,97,115,156,156,236,242,116,144,156,158,182,182,234,240,139,149,203,205,154,156,177,191,247,255,104,110,172,174
70,2,#70,97,97,148,154,238,240,120,186,158,160,182,188,234,234,139,139,203,203,154,160,189,195,247,249,104,110,178,178
71,1,#71,97,117,156,160,236,238,116,120,156,158,180,182,234,240,139,151,200,205,154,160,189,191,243,251,104,110,172,174
72,6,#72,97,97,154,156,236,244,110,156,158,160,182,184,234,234,139,147,200,203,154,166,177,191,249,251,104,114,172,174
73,1,#73,97,119,154,156,236,240,116,146,158,158,180,182,234,240,139,149,205,208,154,172,179,203,247,251,110,116,172,176
74,2,#74,97,107,156,156,236,236,158,170,156,158,182,188,240,240,143,147,203,205,154,154,203,203,241,247,100,108,172,172
75,1,#75,97,119,148,156,236,238,110,116,152,158,182,182,234,234,147,149,200,205,154,162,185,191,241,251,100,102,172,174
76,1,#76,97,117,156,160,236,248,116,124,158,160,182,184,234,240,139,147,205,208,154,158,203,211,251,253,110,114,172,176
77,3,#77,97,111,154,162,236,236,116,116,158,158,178,186,234,240,139,143,205,205,154,156,203,207,241,247,110,116,172,172
78,1,#78,97,113,156,158,236,238,116,120,156,158,182,188,234,234,139,151,205,208,154,166,189,191,251,253,108,110,172,174
79,1,#79,97,119,156,158,236,244,116,180,152,158,182,188,234,234,139,151,203,205,154,154,187,203,251,253,112,114,172,190
80,1,#80,97,109,156,158,236,238,116,132,158,160,182,184,234,234,125,139,200,205,154,172,193,203,247,253,108,114,172,174
81,3,#81,97,97,156,156,240,246,120,132,154,156,180,180,234,234,149,149,203,203,154,154,179,203,251,255,104,112,172,180
82,2,#82,97,119,156,160,236,236,110,116,160,170,184,184,240,240,133,143,200,205,154,156,203,203,239,251,110,110,174,174
83,1,#83,97,115,150,156,236,244,110,116,156,158,180,184,234,240,139,149,200,205,154,162,185,193,247,251,108,120,172,172
84,2,#84,97,97,154,164,236,236,120,120,152,158,182,182,234,234,149,149,203,205,156,156,203,203,247,247,110,110,172,178
85,2,#85,97,97,156,158,236,236,122,180,152,168,180,182,234,234,149,149,205,205,154,154,191,209,241,247,110,110,172,172
86,1,#86,97,97,156,158,236,238,116,122,158,160,180,182,234,240,125,139,205,208,144,154,177,193,243,247,108,120,172,188
87,5,#87,97,97,148,156,236,246,116,122,158,160,182,182,234,234,149,149,203,203,154,154,179,203,245,257,100,120,172,176
88,1,#88,97,115,156,156,236,240,116,120,152,158,180,184,234,240,139,151,200,205,154,154,179,203,241,253,104,108,172,178
89,1,#89,97,97,156,156,236,244,116,144,154,158,182,182,234,240,139,147,203,205,154,156,193,203,241,251,100,112,172,176
90,1,#90,97,115,154,156,236,238,116,144,158,158,182,184,234,240,143,147,205,211,150,154,189,191,241,251,108,116,172,174
91,2,#91,97,107,148,158,236,238,116,124,158,158,178,184,234,240,147,147,203,203,154,154,191,191,245,253,108,108,174,174
92,1,#92,97,117,156,156,234,236,116,124,154,158,182,184,234,240,139,153,205,205,154,158,191,209,247,253,118,120,172,178
93,1,#93,97,119,148,156,236,248,116,120,156,158,180,182,234,240,139,147,205,211,154,154,185,191,241,251,102,106,172,178
94,1,#94,97,107,150,156,236,244,120,124,158,158,182,184,234,234,139,145,205,208,152,154,177,191,251,251,110,112,172,172
95,3,#95,109,113,158,158,234,234,120,120,158,160,178,180,234,240,133,139,203,208,154,154,189,199,245,257,104,104,172,176
96,1,#96,97,115,156,164,236,244,116,120,158,158,182,182,234,240,139,147,203,205,154,156,191,207,247,251,110,116,172,188
97,1,#97,97,97,156,164,236,238,110,116,158,158,180,182,234,240,139,145,205,205,154,156,189,191,251,253,102,114,172,172
98,1,#98,97,117,150,156,236,244,116,116,156,158,182,182,234,242,139,143,203,205,154,160,179,191,243,251,104,118,172,174
99,1,#99,97,113,156,158,236,244,116,120,158,162,182,184,234,240,125,149,205,208,154,156,191,195,243,251,102,120,172,178
100,2,#100,99,115,156,156,234,242,120,144,158,160,182,182,234,240,133,139,194,205,154,154,191,211,241,247,114,116,172,184
101,1,#101,97,99,156,168,236,238,110,120,156,158,180,184,234,240,135,149,205,208,154,154,177,191,251,257,104,108,172,178
102,1,#102,97,115,148,156,234,236,116,146,156,158,182,184,234,240,139,151,205,211,154,164,187,191,249,253,102,118,172,190
103,1,#103,97,109,154,156,236,236,110,116,158,166,180,182,234,240,133,149,200,205,154,170,193,211,241,247,106,110,172,178
104,1,#104,93,97,156,170,236,244,116,120,156,158,180,182,234,234,147,149,205,205,154,154,191,195,245,247,110,112,172,180
105,1,#105,97,117,156,162,236,244,120,124,158,160,182,184,234,240,139,159,203,205,154,158,191,197,253,255,118,120,172,174
106,1,#106,97,97,156,168,236,244,116,144,156,158,182,184,234,240,125,139,200,205,154,154,191,195,251,265,102,108,172,174
107,1,#107,93,97,156,156,236,246,116,116,158,158,182,184,234,240,133,139,205,208,154,156,193,215,249,253,110,112,172,178
108,2,#108,97,97,156,160,236,236,116,122,158,158,180,188,234,238,139,147,205,205,156,156,177,205,245,257,100,102,172,178
109,2,#109,111,115,156,172,238,246,120,120,158,158,182,182,234,240,139,147,200,205,154,158,191,191,249,253,110,118,178,178
110,1,#110,97,109,154,156,236,244,116,120,158,160,180,184,234,240,149,151,205,211,154,156,191,205,239,251,108,116,172,178
111,1,#111,97,115,152,156,236,236,116,116,156,158,180,182,234,240,139,151,200,205,154,166,177,191,247,253,112,116,172,174
112,1,#112,97,117,154,156,236,236,110,116,158,160,182,184,234,240,139,139,205,205,154,170,177,191,241,247,114,120,172,172
113,1,#113,97,117,150,156,236,236,116,120,156,158,182,182,234,240,139,139,200,205,154,156,185,191,247,251,102,108,172,172
114,2,#114,97,115,152,158,236,246,116,124,156,158,182,182,234,240,139,139,205,205,156,158,189,201,247,247,110,110,172,172
115,1,#115,97,117,152,156,236,244,116,120,152,158,180,184,234,234,135,139,200,205,154,158,185,191,251,255,108,114,172,188
116,1,#116,97,117,156,170,236,238,110,116,158,160,180,184,234,234,129,149,200,205,154,158,177,183,241,251,118,120,172,172
117,1,#117,97,115,148,156,236,240,116,158,152,158,182,184,234,240,139,149,205,205,154,158,193,203,247,251,102,104,172,174
118,2,#118,97,119,148,156,238,244,116,116,158,160,182,184,234,234,143,143,203,208,154,154,177,177,243,249,108,108,172,172
119,1,#119,97,117,154,156,236,238,120,124,158,162,182,188,234,240,139,149,203,205,152,154,193,195,249,251,108,118,172,178
120,1,#120,97,97,156,164,236,244,116,146,154,158,182,184,234,238,139,147,200,205,154,162,191,203,247,253,102,120,172,178
121,1,#121,97,111,156,156,236,242,116,144,158,160,182,184,234,240,135,139,205,208,154,156,177,193,235,251,112,120,172,178
122,1,#122,97,117,156,158,236,236,116,122,158,162,182,182,234,234,139,143,200,205,154,156,189,203,241,251,108,120,174,178
123,2,#123,117,117,152,172,234,246,120,160,158,158,182,186,234,234,135,149,205,211,154,154,195,201,243,255,102,102,174,190
124,1,#124,97,111,150,156,236,238,116,116,158,160,182,182,234,238,139,149,200,205,154,170,203,207,249,251,104,118,172,188
125,1,#125,97,115,156,158,236,240,116,116,158,160,182,184,234,240,139,145,200,205,154,156,191,191,241,253,110,112,172,194
126,1,#126,97,117,154,156,236,238,116,122,158,160,180,184,234,240,147,149,200,205,154,158,183,191,251,255,116,118,172,176
127,1,#127,97,117,156,164,236,244,110,116,158,160,182,182,234,240,139,139,205,208,154,158,191,191,253,255,104,110,172,172
128,3,#128,97,97,154,156,244,244,116,194,160,162,182,182,234,234,135,149,205,208,150,154,177,205,251,251,102,112,174,178
129,1,#129,97,109,156,156,236,240,116,116,156,158,182,184,234,240,139,147,205,208,154,162,203,207,249,253,108,116,172,172
130,1,#130,97,117,156,170,234,236,116,120,156,158,182,184,234,234,125,149,203,205,154,156,189,193,241,247,102,104,172,172
131,1,#131,97,119,154,156,234,236,116,120,156,158,182,184,234,234,149,151,205,211,154,162,177,189,251,255,112,116,172,178
132,1,#132,97,99,156,156,236,244,116,122,158,162,182,184,234,234,149,151,205,211,154,166,195,203,247,249,108,114,172,172
133,1,#133,97,117,156,168,236,236,116,120,158,160,180,182,234,240,139,147,205,205,154,158,183,191,239,251,100,110,174,178
134,1,#134,97,119,148,156,236,244,116,120,154,158,182,184,234,234,139,149,205,205,152,154,193,195,249,251,100,108,172,172
135,1,#135,97,115,156,164,234,236,116,124,152,158,182,182,234,240,139,151,205,205,154,158,185,193,251,257,104,112,172,178
136,1,#136,97,115,150,156,236,236,110,116,156,158,182,184,234,240,143,149,203,205,154,166,191,205,241,247,110,112,172,178
137,8,#137,93,97,150,156,234,238,110,116,156,158,184,188,234,240,139,139,203,203,154,154,193,201,247,253,108,110,172,174
138,1,#138,97,99,156,156,236,242,120,144,156,158,182,184,238,240,143,149,205,211,154,154,191,213,247,257,104,112,172,178
139,1,#139,97,117,156,162,236,236,116,122,154,158,182,182,234,240,139,159,200,205,154,166,189,203,251,253,102,112,172,178
140,1,#140,97,117,156,160,236,244,116,120,156,158,182,182,234,240,139,157,200,205,154,154,191,207,247,251,102,114,172,174
141,2,#141,97,97,156,156,236,236,116,124,156,156,182,182,234,234,143,143,205,208,154,154,193,193,251,251,110,116,172,172
142,1,#142,97,117,156,156,236,244,116,120,156,158,180,182,234,240,139,143,203,205,150,154,191,193,247,251,110,116,172,174
143,2,#143,97,117,150,154,236,238,116,150,158,160,184,188,234,240,139,139,205,208,154,154,177,193,239,241,102,102,174,174
144,1,#144,97,115,150,156,236,238,116,124,158,160,182,184,234,240,139,149,205,205,154,154,191,213,253,255,108,110,172,176
145,1,#145,97,111,150,156,236,240,116,120,158,160,182,184,234,240,139,149,205,208,152,154,179,203,241,253,100,114,172,178
146,1,#146,97,117,150,156,236,244,116,130,158,160,182,184,234,240,139,159,205,208,154,156,177,203,247,255,100,104,172,178
147,1,#147,97,117,156,158,236,240,120,122,156,158,182,184,234,240,147,149,203,205,152,154,191,207,247,251,102,118,172,178
148,1,#148,97,117,156,170,234,236,110,120,158,160,182,184,234,240,139,151,205,208,154,156,203,207,239,251,102,120,172,174
149,1,#149,97,97,148,156,236,242,116,164,156,158,182,184,234,240,139,149,203,205,154,162,193,203,251,253,100,104,172,178
150,1,#150,97,115,156,158,236,238,116,124,158,160,182,184,234,234,149,151,205,208,154,160,189,191,247,257,112,116,172,178
151,1,#151,97,115,156,164,236,238,116,120,158,160,182,184,234,240,139,143,205,208,154,154,183,203,247,251,110,114,172,172
152,1,#152,97,117,156,160,236,240,116,124,154,158,180,182,234,240,139,145,205,211,154,164,177,193,245,247,102,110,172,174
153,1,#153,97,117,154,156,236,246,110,120,152,158,182,188,234,234,139,149,205,205,152,154,189,191,251,255,104,116,174,178
154,1,#154,97,117,156,156,236,236,116,184,152,158,182,184,234,238,139,147,205,208,154,162,191,203,247,253,112,118,172,180
155,2,#155,97,97,154,156,234,244,116,120,156,160,180,182,234,234,139,139,205,205,154,154,191,191,251,263,104,104,172,174
156,1,#156,97,113,156,164,236,238,110,116,156,158,182,184,234,234,145,149,205,208,154,160,183,193,251,267,108,118,172,174
157,1,#157,97,117,154,156,236,238,116,116,156,158,180,182,234,240,137,139,205,211,154,154,193,207,247,255,108,114,172,174
158,1,#158,97,117,156,158,236,236,116,120,158,158,182,184,234,234,139,147,203,205,154,170,177,193,243,251,110,114,172,172
159,2,#159,97,97,156,156,236,238,120,120,154,166,182,184,234,240,139,143,203,203,154,154,177,205,245,251,100,102,174,178
160,1,#160,93,97,156,160,236,238,116,120,156,158,180,182,234,240,129,149,205,208,154,156,191,205,251,251,110,112,172,174
161,2,#161,97,99,156,156,238,244,132,168,156,156,182,182,234,234,139,139,203,205,160,172,187,189,247,247,108,110,176,178
162,1,#162,97,117,150,156,236,236,116,120,158,160,182,182,234,240,139,149,205,208,154,160,195,203,243,251,102,104,172,178
163,1,#163,97,115,156,164,236,238,116,120,154,158,180,184,234,240,139,151,205,208,154,156,191,205,247,251,104,110,172,174
164,1,#164,97,117,148,156,236,248,116,120,158,160,182,182,234,240,135,149,205,208,154,154,177,193,243,253,102,110,172,172
165,1,#165,97,97,156,162,236,238,116,116,158,158,182,182,234,234,129,139,205,205,154,154,183,191,243,247,114,120,172,178
166,3,#166,97,97,156,156,238,240,164,206,152,156,178,182,234,240,143,147,205,205,156,170,191,203,245,253,110,114,186,188
167,1,#167,97,117,156,168,236,238,116,116,158,158,180,182,234,234,135,139,205,205,154,154,179,203,247,255,102,116,172,188
168,2,#168,97,97,150,156,234,238,116,172,158,158,184,184,234,240,149,149,205,205,154,154,179,185,251,253,102,118,172,172
169,1,#169,97,117,150,156,236,244,116,132,154,158,180,182,234,234,139,139,205,208,154,170,191,203,253,257,116,120,172,172
170,1,#170,97,115,156,160,236,244,116,146,158,158,182,186,234,234,135,139,200,205,154,154,177,201,251,253,110,112,172,178
171,1,#171,97,115,156,160,236,244,116,116,158,160,182,184,234,240,133,139,205,208,154,156,183,191,247,251,110,116,172,190
172,1,#172,97,97,156,170,234,236,116,122,158,158,182,184,234,234,147,149,205,211,154,154,193,203,247,253,108,116,172,190
173,1,#173,97,117,156,156,236,240,116,146,158,160,182,184,234,234,139,155,203,205,154,156,191,195,243,251,110,116,172,174
174,1,#174,97,115,156,164,234,236,116,150,158,158,182,184,234,234,139,143,205,205,154,156,183,191,253,257,102,108,172,174
175,1,#175,97,111,156,156,234,236,116,124,158,160,182,182,234,240,133,139,205,208,152,154,189,191,245,251,100,102,172,172
176,1,#176,97,117,150,156,236,248,110,116,156,158,182,184,234,240,139,145,205,208,154,158,203,209,251,255,100,110,172,190
177,1,#177,97,115,154,156,236,244,116,124,156,158,182,182,234,240,139,147,203,205,154,154,183,191,235,251,110,110,172,178
178,1,#178,97,97,156,158,236,238,116,144,156,158,182,184,234,240,143,147,200,205,154,154,191,203,249,251,108,120,172,190
179,1,#179,93,97,150,156,236,244,116,120,156,158,182,184,234,234,143,149,205,208,154,156,193,201,247,251,104,110,172,180
180,1,#180,97,115,156,170,236,236,116,120,156,158,182,184,234,240,139,149,200,205,154,156,191,197,251,253,110,114,172,178
181,1,#181,97,119,152,156,234,236,110,116,158,160,182,184,234,240,143,149,203,205,154,158,191,193,247,251,100,104,172,174
182,1,#182,97,117,156,162,236,244,116,116,156,158,180,182,234,240,137,139,203,205,154,166,177,191,251,255,110,118,172,174
183,1,#183,97,115,156,164,236,238,110,116,152,158,182,184,234,238,139,147,205,211,154,170,177,191,251,253,108,116,172,178
184,2,#184,107,117,156,156,236,236,164,196,156,156,180,182,234,234,139,149,205,208,170,172,193,203,251,251,104,108,178,178
185,3,#185,97,119,150,158,236,244,116,200,152,158,180,184,234,240,125,139,205,205,154,160,191,191,247,255,100,112,174,174
186,1,#186,97,117,156,158,236,242,116,120,156,158,182,184,234,240,139,153,200,205,154,156,191,203,243,251,104,110,172,176
187,1,#187,97,113,152,156,234,236,110,116,158,160,180,182,234,240,139,151,203,205,152,154,189,203,241,251,104,114,172,180
188,3,#188,97,117,150,158,244,246,116,178,152,154,182,182,234,240,135,139,203,205,156,156,191,193,251,251,114,116,174,178
189,1,#189,97,117,156,158,236,238,116,150,156,158,182,184,234,240,139,149,205,208,154,166,183,191,251,251,102,118,172,172
190,1,#190,97,119,148,156,234,236,116,122,152,158,182,184,234,240,129,139,203,205,154,154,203,209,249,251,102,108,174,178
191,3,#191,97,117,164,170,238,238,124,144,154,156,182,182,234,240,147,151,205,208,154,154,191,191,247,251,108,108,174,174
192,1,#192,97,97,154,156,236,244,116,120,152,158,182,184,234,240,135,139,205,205,154,160,191,201,241,251,104,116,172,172
193,3,#193,97,99,156,156,244,246,116,134,152,160,180,186,234,234,139,149,203,203,160,168,193,203,241,253,102,108,172,172
194,1,#194,97,117,156,170,234,236,116,120,152,158,182,182,234,240,125,139,205,208,154,170,177,191,251,251,102,110,172,174
195,1,#195,97,117,154,156,236,238,116,124,152,158,182,182,234,240,133,139,205,208,154,154,203,205,253,257,102,106,172,174
196,3,#196,97,119,156,164,236,236,120,144,158,160,182,182,234,242,147,151,205,205,164,168,193,193,251,251,104,112,172,178
197,1,#197,97,119,152,156,236,238,116,120,158,160,182,182,234,240,139,149,205,205,154,156,177,191,249,251,102,110,172,172
198,1,#198,97,115,156,172,234,236,116,124,156,158,182,184,234,240,139,151,205,208,154,154,191,193,235,247,100,108,172,190
199,1,#199,97,117,156,158,236,244,120,150,156,158,180,182,234,240,143,147,205,208,154,168,191,191,241,255,112,118,172,178
200,2,#200,97,97,154,156,236,238,116,150,152,158,182,182,234,234,139,143,205,205,154,154,203,203,247,251,100,118,172,172
201,1,#201,97,99,156,162,236,238,116,164,156,158,182,184,234,240,139,145,205,205,154,172,183,191,251,255,100,104,172,172
202,1,#202,97,117,154,156,236,244,120,146,156,158,182,184,234,240,139,155,205,211,152,154,177,193,251,255,100,110,172,172
203,1,#203,97,117,152,156,236,242,116,144,152,158,180,184,234,234,143,147,205,211,150,154,189,191,247,249,104,112,172,188
204,2,#204,97,97,156,156,234,236,120,120,158,158,182,184,240,240,147,149,205,211,154,154,189,193,243,253,102,114,172,172
205,1,#205,97,115,156,170,236,238,116,116,158,158,180,184,234,238,129,149,205,211,152,154,191,193,247,249,100,104,172,176
206,1,#206,97,111,148,156,236,244,110,116,154,158,182,184,234,234,139,147,205,208,150,154,191,201,251,261,112,120,172,174
207,2,#207,97,115,156,156,236,244,120,150,158,164,182,182,234,240,125,139,205,205,154,168,177,201,251,251,102,112,172,172
208,1,#208,97,119,150,156,236,240,116,124,158,158,182,184,234,234,139,143,205,211,154,162,183,203,241,251,102,110,172,174
209,1,#209,97,117,156,156,236,238,116,124,156,158,182,184,234,240,139,151,205,205,154,156,191,205,247,251,108,114,172,190
210,1,#210,97,107,156,170,236,238,116,122,158,158,182,184,234,240,139,147,194,205,154,156,183,191,247,253,108,110,172,178
211,1,#211,97,111,152,156,236,238,116,122,156,158,182,182,234,240,133,149,203,205,154,168,191,201,245,247,110,110,172,176
212,1,#212,97,119,156,156,236,244,116,122,158,162,180,184,234,240,139,147,200,205,154,154,191,195,251,255,104,108,172,178
213,1,#213,97,97,156,164,236,238,116,190,158,164,182,184,234,234,139,153,203,205,154,156,191,205,251,257,102,120,172,176
214,1,#214,97,117,148,156,236,240,116,164,156,158,180,184,234,234,129,149,203,205,152,154,181,191,247,251,102,110,172,172
215,1,#215,97,113,156,164,236,246,116,120,158,158,180,182,234,240,139,149,205,208,154,160,193,203,247,253,102,120,172,178
216,1,#216,97,119,154,156,234,236,116,144,158,158,182,184,234,240,139,139,205,211,154,164,191,209,243,247,100,108,172,178
217,1,#217,97,115,156,156,236,236,116,126,156,158,180,182,234,240,139,155,200,205,154,156,191,205,251,267,102,116,172,178
218,1,#218,97,117,154,156,236,240,110,116,154,158,182,182,238,240,139,149,205,205,152,154,191,193,241,247,110,118,172,178
219,1,#219,97,117,150,156,236,248,120,150,152,158,180,182,234,234,139,145,205,208,154,156,177,189,247,253,102,116,172,178
220,1,#220,97,117,150,156,236,238,116,116,158,158,182,184,234,242,135,149,205,205,154,156,191,201,245,251,104,108,172,188
221,1,#221,97,119,156,160,236,242,116,124,154,158,182,182,234,240,139,149,200,205,154,166,191,207,249,251,102,110,172,178
222,1,#222,97,117,154,156,236,236,110,116,158,160,180,184,234,240,139,151,205,208,154,156,191,207,243,251,104,116,172,174
223,2,#223,109,117,156,160,236,246,110,116,156,160,182,184,234,240,149,149,200,205,154,166,193,193,247,255,108,108,172,172
224,1,#224,97,117,156,170,236,236,116,124,158,158,182,184,234,240,135,149,194,205,154,156,191,207,251,253,102,108,172,180
225,1,#225,97,117,154,156,236,236,116,120,158,158,182,184,234,240,139,147,203,205,154,156,203,211,251,271,110,116,172,178
226,1,#226,97,111,156,164,236,238,110,116,156,158,182,182,234,240,139,151,205,205,154,156,177,201,243,251,108,120,172,178
227,1,#227,97,113,150,156,234,236,116,164,158,158,180,182,234,240,133,149,205,211,154,156,189,203,241,251,102,108,172,174
228,1,#228,97,117,150,156,236,236,120,124,158,158,180,182,234,240,139,139,205,208,154,172,177,183,241,251,110,116,172,178
229,1,#229,97,115,148,156,236,236,116,122,156,158,182,184,234,238,139,143,205,211,152,154,191,211,251,253,114,116,172,174
230,1,#230,97,97,150,156,236,238,116,166,156,158,180,182,234,240,147,149,205,205,154,156,191,203,251,253,110,110,172,178
231,1,#231,97,111,156,160,236,244,116,122,156,158,182,184,234,240,139,139,205,208,152,154,191,195,247,257,100,110,172,174
232,1,#232,97,115,154,156,236,244,116,122,158,160,180,182,234,240,139,143,200,205,154,156,189,191,247,257,102,110,172,176
233,1,#233,97,111,154,156,236,244,116,120,156,158,182,184,234,234,139,145,205,205,148,154,185,193,243,253,116,118,172,172
234,1,#234,97,115,154,156,236,238,110,120,158,160,182,188,234,240,139,145,200,205,154,164,183,191,239,247,102,114,172,172
235,1,#235,97,115,156,160,236,240,116,132,156,158,182,184,234,240,125,139,205,208,154,156,187,191,241,251,112,120,172,178
236,1,#236,97,115,154,156,236,244,116,124,158,158,180,182,234,240,133,139,205,211,154,162,177,201,249,253,110,112,172,172
237,1,#237,97,117,148,156,236,238,116,146,156,158,182,182,234,234,135,139,205,208,154,156,185,193,235,247,102,104,172,178
238,2,#238,97,97,150,156,236,238,116,166,158,158,184,184,234,234,149,149,200,205,154,154,191,191,241,241,102,102,178,178
239,1,#239,97,115,156,164,236,248,116,120,152,158,182,182,234,234,139,147,200,205,154,156,191,203,251,253,110,116,172,172
240,1,#240,97,117,148,156,236,238,116,116,152,158,182,184,234,234,139,153,203,205,154,154,191,209,241,247,114,120,172,172
241,1,#241,97,119,148,156,234,236,116,122,156,158,182,184,234,234,145,149,203,205,154,156,191,203,253,255,116,118,172,190
242,1,#242,97,97,154,156,236,238,116,124,156,158,182,184,234,240,139,143,205,211,154,156,191,193,251,253,100,120,172,172
243,1,#243,97,97,156,158,236,242,116,120,156,158,182,184,234,240,139,151,205,205,154,156,183,193,241,251,104,108,172,178
244,1,#244,97,107,156,156,236,238,116,120,158,160,180,184,234,240,139,147,205,205,154,158,191,191,251,255,116,120,172,174
245,1,#245,97,105,156,164,236,238,116,120,156,158,182,184,234,240,139,147,205,211,150,154,201,203,239,251,102,108,172,180
246,1,#246,97,117,154,156,236,240,116,120,158,158,180,182,238,240,135,139,205,205,152,154,189,191,247,249,100,110,172,176
247,1,#247,93,97,146,156,236,244,116,116,154,158,182,186,234,242,137,139,205,208,154,156,191,203,243,251,102,112,172,180
248,1,#248,97,117,156,158,236,244,116,116,156,158,182,184,238,240,139,153,205,205,154,154,193,201,239,251,110,120,172,184
249,1,#249,97,97,156,156,236,238,116,120,156,158,180,182,234,240,139,147,203,205,154,156,177,191,251,251,100,116,172,178
250,1,#250,97,113,156,156,236,244,116,120,158,158,182,184,234,240,139,151,200,205,154,156,189,191,251,253,104,120,172,174
251,1,#251,97,115,156,156,236,242,116,132,156,158,182,184,238,240,139,151,205,208,154,158,189,193,239,251,104,118,172,178
252,1,#252,97,117,156,170,236,238,116,122,158,158,182,182,234,234,145,149,200,205,154,158,177,203,241,253,108,110,172,174
253,1,#253,93,97,156,158,236,238,110,120,152,158,182,184,234,240,133,149,205,205,154,156,183,191,249,253,104,116,172,174
254,3,#254,97,117,160,170,236,244,116,130,158,162,184,184,234,234,129,139,208,211,154,154,195,213,247,251,100,102,172,178
255,1,#255,97,115,154,156,236,238,120,124,158,158,182,184,234,234,139,153,205,205,154,160,183,193,247,251,102,118,172,204
256,1,#256,97,117,156,160,234,236,116,124,152,158,180,184,234,240,139,139,203,205,150,154,183,203,239,251,100,108,172,176
257,1,#257,97,117,150,156,236,236,116,116,156,158,182,184,234,240,139,151,200,205,154,154,191,195,251,253,102,110,172,174
258,1,#258,93,97,154,156,236,244,116,146,158,158,182,188,234,234,139,151,205,211,154,162,177,203,247,253,110,116,174,178
259,1,#259,97,119,156,170,236,244,110,116,156,158,182,182,234,240,139,153,200,205,154,164,185,191,241,251,102,110,172,172
261,1,#261,97,115,154,156,236,236,110,116,158,160,180,182,234,240,125,149,203,205,154,156,185,191,241,255,102,108,172,178
262,1,#262,97,97,154,156,236,244,116,116,156,158,182,184,234,240,139,149,203,205,154,156,177,191,239,251,100,104,172,188
263,1,#263,97,107,156,156,236,244,116,116,158,158,182,184,234,240,139,147,205,208,154,154,189,193,243,251,112,118,172,178
264,1,#264,97,115,156,170,236,242,116,124,158,158,180,182,234,234,133,139,200,205,154,156,191,213,247,249,100,120,172,174
265,1,#265,97,117,154,156,236,246,116,124,156,158,180,182,234,240,139,149,203,205,154,156,191,193,247,251,110,116,172,178
