Count,Date Collected,CEH-ID ,Reduced data,Colony,Btern01,Btern01,BT10,BT10,BTMS0045,BTMS0045,BT26,BT26,BL11,BL11,BT18,BT18,B96,B96,BL03,BL03,BTMS0033,BTMS0033,BL06,BL06,B10,B10,B124,B124,BTMS0125,BTMS0125,B126,B126
1,05.08.11,js313,,1,97,97,152,156,236,236,120,134,158,168,182,188,234,234,143,147,200,205,154,154,183,191,247,251,104,114,172,190
2,01.07.11,lh124,X,2,115,117,156,158,236,242,116,124,158,170,180,184,240,240,125,143,203,203,156,172,191,191,251,267,110,112,174,178
3,01.07.11,lh125,X,3,97,107,150,156,240,240,152,196,154,158,180,180,234,234,139,149,203,205,154,168,183,187,251,257,100,120,174,174
4,01.07.11,lh126,X,4,97,99,156,158,232,244,120,120,152,154,182,186,234,240,133,151,205,205,154,162,193,193,251,257,100,102,172,178
5,01.07.11,lh133,,5,97,115,148,148,236,236,124,124,152,186,178,186,234,240,145,145,200,205,156,160,185,191,247,259,114,116,174,180
6,01.07.11,lh136,,6,97,99,156,156,236,242,120,144,0,0,182,184,234,240,139,149,194,208,156,158,191,191,241,241,116,116,172,174
7,01.07.11,r134,X,7,97,97,156,162,236,240,120,182,154,156,182,192,234,234,147,159,203,203,154,158,189,191,255,257,100,104,172,172
8,01.07.11,rh189,X,8,117,117,156,158,238,246,144,148,156,160,180,184,234,238,139,143,203,211,154,170,193,193,251,253,112,118,172,178
9,01.07.11,rh191,X,9,97,113,156,168,236,240,120,172,154,158,180,188,234,234,125,147,203,211,156,166,193,197,251,251,100,116,172,186
10,01.07.11,rh192,,10,97,119,156,164,238,242,116,180,156,156,182,182,240,240,143,149,200,208,154,156,177,179,243,251,108,120,172,178
11,01.07.11,rh196,,11,97,117,148,152,236,240,116,120,160,164,182,188,240,240,143,151,203,203,152,158,177,203,241,247,116,120,172,172
12,01.07.11,rh199,X,12,117,119,154,156,244,244,110,120,158,162,180,188,234,240,0,0,205,211,154,156,195,203,247,259,110,120,172,178
13,01.07.11,rh201,X,13,113,117,156,164,236,240,120,126,172,180,182,186,234,240,139,147,205,208,156,158,177,179,243,247,100,102,174,174
14,01.07.11,js182,X,14,97,119,150,154,236,238,116,120,162,166,180,184,234,240,147,147,203,205,154,154,189,197,243,255,112,120,178,188
15,01.07.11,js184,,15,115,121,156,170,234,236,116,132,156,156,184,184,240,240,147,147,200,205,154,154,193,203,253,255,114,116,178,180
16,01.07.11,gb97,,13,113,113,156,164,236,240,120,126,158,172,182,186,234,240,139,147,0,0,156,158,177,179,235,243,102,110,172,172
17,03.08.11,r477,X,16,93,119,166,170,236,242,116,124,152,154,182,188,238,242,125,143,205,205,154,154,189,211,243,247,100,120,172,180
18,03.08.11,lh382,,16,93,119,166,168,236,244,116,130,152,156,184,188,238,242,125,143,205,205,154,170,187,189,243,247,100,120,172,172
19,03.08.11,lh384,X,17,97,97,154,156,234,234,120,160,156,158,180,184,234,238,133,139,205,211,154,156,183,191,241,241,112,118,172,172
20,04.07.11,r138,X,18,117,119,156,170,236,236,124,212,156,160,180,182,234,240,135,147,203,208,158,164,177,189,239,241,108,112,176,178
21,04.07.11,js189,X,19,97,97,148,160,240,246,120,120,156,160,182,184,234,234,133,139,205,205,148,154,203,211,241,251,116,122,178,190
22,04.07.11,rh205,X,20,97,105,156,164,236,236,120,200,154,156,182,182,234,234,139,149,203,208,152,152,189,207,241,253,114,114,172,194
23,04.07.11,sh164,X,21,97,97,156,158,236,244,116,150,160,164,184,188,234,234,137,149,208,208,154,170,177,179,247,247,112,114,172,172
24,05.07.11,rh216,X,22,97,115,150,158,236,240,116,122,152,156,180,184,240,240,137,147,205,205,168,172,179,189,253,253,100,116,178,180
25,05.07.11,rh233,X,23,97,115,156,164,236,236,120,120,158,158,182,184,240,240,149,153,205,205,154,158,189,191,247,263,112,120,172,172
26,05.07.11,rh240,,24,97,117,150,154,236,242,110,124,158,158,184,184,240,240,147,149,205,208,156,162,193,201,245,253,104,114,178,188
27,05.07.11,sh174,X,25,97,109,160,174,236,236,122,150,158,176,182,182,234,234,143,149,205,205,154,156,177,195,249,255,116,122,176,178
28,05.08.11,js312,,1,97,97,156,158,236,236,120,134,158,168,184,188,234,240,143,147,200,211,154,154,183,191,251,251,104,114,172,190
29,07.07.11,lh162,X,26,97,117,150,156,236,236,122,164,158,164,180,184,240,240,143,157,208,208,154,168,177,193,247,247,104,120,172,178
30,07.07.11,lh179,,27,117,117,154,164,236,238,120,172,154,156,182,182,240,240,143,149,203,211,150,164,189,203,241,247,100,110,174,188
31,07.07.11,lh186,X,28,97,119,156,160,238,246,122,166,158,170,188,192,234,240,133,139,205,208,154,154,195,203,251,251,100,118,172,172
32,07.07.11,lh187,X,29,97,99,158,158,246,248,116,120,152,154,184,184,234,234,135,159,205,205,156,168,191,213,245,251,100,102,178,178
33,07.07.11,r196,X,30,97,111,154,158,244,246,116,144,156,158,182,184,240,240,129,149,203,203,154,154,177,193,243,251,100,116,172,190
34,07.07.11,r204,X,27,117,117,150,154,236,238,120,178,156,158,182,182,240,240,143,149,203,211,150,154,189,207,241,247,100,110,174,188
35,07.07.11,r208,X,31,99,115,160,160,236,244,120,190,156,158,182,184,234,234,139,143,205,211,156,168,191,191,239,241,100,108,172,178
36,07.07.11,rh243,X,32,113,113,156,158,236,244,116,122,152,156,180,184,234,238,139,147,203,203,156,160,179,205,245,251,112,112,176,190
37,07.07.11,rh244,,33,109,117,154,156,236,242,144,144,156,158,182,184,234,240,149,149,205,208,166,170,191,193,243,247,102,120,172,176
38,07.07.11,rh245,X,34,97,117,150,156,236,240,144,164,158,160,182,184,234,234,139,151,203,208,154,154,193,201,247,255,114,120,172,190
39,07.07.11,rh254,X,35,97,97,156,156,234,238,122,182,158,162,182,184,234,234,135,147,205,211,156,168,205,207,251,253,102,116,172,176
40,07.07.11,rh263,X,36,97,117,152,164,234,242,124,158,158,158,180,184,240,240,135,149,203,205,154,154,203,203,241,245,120,120,174,192
41,07.07.11,sh209,X,37,97,99,150,160,236,236,124,144,156,158,182,184,240,240,125,153,203,205,154,158,189,189,243,255,104,110,172,182
42,07.07.11,sh212,X,38,97,107,156,158,236,238,120,150,162,168,184,184,234,240,149,153,203,205,156,168,191,209,235,251,114,116,176,188
43,07.07.11,sh214,X,39,117,117,152,156,234,240,120,138,154,160,180,182,240,240,149,153,205,217,152,154,201,207,241,269,102,104,172,178
44,07.07.11,sh215,X,24,97,117,150,154,236,242,116,124,158,158,184,184,240,240,139,149,205,208,156,162,193,201,249,253,114,120,178,188
45,07.07.11,gb122,X,40,97,97,148,156,236,244,116,116,156,160,184,188,240,240,135,139,203,205,156,172,193,193,241,243,108,112,174,174
46,07.07.11,gb142,X,41,99,115,150,156,234,236,122,144,152,156,184,188,234,240,137,145,205,208,154,162,183,191,239,249,100,108,178,178
47,11.07.11,lh191,,42,109,117,158,160,244,246,124,146,158,164,180,184,234,240,143,149,203,208,154,156,177,185,251,251,106,114,174,178
48,11.07.11,lh203,,43,97,111,148,160,236,244,116,116,162,168,184,188,234,240,129,143,205,208,154,156,187,213,243,247,104,108,172,182
49,11.07.11,js219,X,44,97,97,150,156,236,244,116,120,158,158,178,182,234,240,143,147,200,200,156,162,203,209,251,251,104,108,180,182
50,11.07.11,js224,,10,97,119,156,164,242,246,116,180,156,168,182,182,240,240,147,149,200,208,156,162,177,179,243,251,108,120,172,178
51,11.07.11,sh231,X,45,93,119,158,162,236,240,116,144,148,158,178,182,234,240,147,149,205,205,154,172,189,193,247,251,102,116,172,172
52,11.07.11,gb153,X,46,97,117,154,160,234,236,120,122,156,164,182,182,234,234,145,145,203,208,154,168,177,203,243,247,100,120,174,178
53,11.07.11,gb171,X,47,93,97,156,156,244,248,116,120,152,154,180,184,234,240,133,147,208,211,154,160,189,193,251,251,104,112,172,182
54,12.07.11,lh232,X,48,97,115,152,160,244,248,120,186,156,158,182,184,240,240,133,137,200,205,158,162,205,205,247,251,108,110,178,178
55,12.07.11,gb176,X,49,97,119,156,156,244,248,116,120,160,160,180,182,234,240,151,151,203,205,154,154,183,205,243,257,110,114,172,176
56,12.07.11,rh316,,50,97,115,154,158,244,248,120,146,154,158,182,188,240,240,147,149,203,205,154,154,193,193,235,253,112,118,172,180
57,12.07.11,rh335,,51,117,117,156,156,236,246,116,122,152,156,184,184,234,234,139,153,203,205,158,172,189,193,243,253,112,120,172,194
58,12.07.11,js252,X,52,99,115,158,158,240,244,122,164,156,156,180,184,240,240,135,151,203,211,154,156,177,185,249,255,102,102,192,194
59,12.07.11,js256,X,53,97,115,154,170,236,238,120,122,158,158,178,180,234,240,133,149,203,205,154,168,177,191,247,251,110,120,172,180
60,12.07.11,sh253,,54,97,117,154,156,236,242,110,128,158,160,184,184,234,240,139,145,203,211,156,156,177,177,239,247,100,106,174,174
61,12.07.11,sh261,X,51,117,117,156,156,244,246,116,122,152,156,182,184,234,234,139,153,203,205,158,172,189,205,245,253,112,120,172,194
62,12.07.11,sh271,X,55,97,111,156,158,236,242,110,110,156,156,180,184,234,240,139,153,203,205,154,156,191,197,251,253,102,118,172,174
63,12.07.11,r257,X,54,97,117,154,156,238,242,110,128,158,160,180,184,234,238,139,145,203,203,154,156,177,177,239,247,100,106,174,174
64,12.07.11,r285,X,56,117,117,150,168,236,238,116,120,154,158,180,182,238,240,137,147,203,208,154,156,191,199,239,253,104,116,188,188
65,13.07.11,r298,,51,117,117,156,156,244,246,116,122,152,156,184,184,234,234,135,139,203,205,158,172,189,193,243,253,112,120,172,194
66,13.07.11,rh340,X,57,97,117,156,164,236,236,118,178,152,156,0,0,240,240,139,147,200,208,168,170,177,191,243,247,110,118,172,176
67,13.07.11,sh286a,X,58,97,115,150,154,234,236,120,124,156,158,180,184,240,240,129,143,205,205,158,160,201,203,239,251,110,112,172,178
68,13.07.11,sh287,,59,117,119,150,156,234,240,116,120,152,158,182,184,240,240,139,155,205,205,158,168,195,203,249,255,104,112,172,178
69,13.07.11,gb200,X,60,97,113,150,156,238,240,120,144,156,160,182,184,234,234,0,0,205,205,160,168,177,193,251,251,102,114,172,174
70,13.07.11,gb203,X,61,93,117,148,160,236,240,120,146,158,158,182,184,234,242,135,151,205,208,154,154,201,203,241,249,100,104,154,172
71,13.07.11,gb210,X,62,97,117,156,170,236,236,116,122,158,160,182,182,234,240,145,147,203,208,156,156,203,211,247,249,108,116,172,184
72,14.07.11,lh260,X,63,93,97,154,158,232,236,110,170,152,156,182,182,240,240,147,151,205,208,160,168,193,203,239,243,106,108,172,178
73,14.07.11,lh267,,64,117,119,156,162,236,238,120,144,152,162,178,182,0,0,143,147,205,208,158,166,193,207,241,257,110,116,178,178
74,14.07.11,lh279,X,65,97,119,156,158,236,240,116,124,152,158,180,184,240,240,139,139,203,205,150,160,187,191,255,261,112,118,174,188
75,14.07.11,lh280,,66,97,97,162,164,234,250,150,186,152,156,182,192,240,240,145,151,194,211,156,170,177,203,255,261,110,112,172,190
76,14.07.11,r319,,67,99,117,152,156,236,238,116,144,154,170,180,184,234,240,147,147,205,205,156,168,191,203,251,253,102,106,174,178
77,14.07.11,r324,X,68,97,97,148,160,242,242,148,150,156,158,180,184,234,240,139,145,205,205,152,156,201,203,241,251,110,110,172,178
78,14.07.11,r328,X,69,115,115,156,156,236,242,144,166,156,180,182,182,240,240,149,149,203,205,156,158,177,205,247,255,104,110,174,174
79,14.07.11,r329,,57,97,117,156,164,236,236,118,178,152,156,0,0,240,240,139,147,200,208,156,168,177,191,247,255,118,120,176,188
80,14.07.11,r332,X,70,97,119,148,154,238,238,168,186,160,166,188,188,234,240,125,139,200,203,156,160,195,203,247,255,110,118,154,178
81,14.07.11,r333,X,71,117,117,156,160,236,238,116,120,156,158,180,180,240,240,143,151,200,205,154,160,189,191,243,259,104,104,174,174
82,14.07.11,rh375,,72,97,117,154,158,240,244,156,196,158,160,182,184,234,238,125,139,200,208,154,166,177,195,251,253,114,120,174,174
83,14.07.11,rh379,,59,97,117,150,156,234,240,116,116,158,158,180,182,240,240,147,155,203,205,158,160,195,203,249,255,104,112,172,178
84,14.07.11,rh384,X,73,97,119,154,154,240,246,146,214,158,158,180,180,234,240,149,149,205,208,154,172,179,203,247,251,110,116,176,194
85,14.07.11,rh385,,74,93,107,150,156,236,248,170,170,156,156,184,188,240,240,143,143,205,205,154,154,189,203,247,251,108,118,172,178
86,14.07.11,rh390,,43,111,117,148,160,236,244,116,130,162,168,180,188,234,234,129,143,205,211,154,156,187,213,243,251,100,104,172,182
87,14.07.11,rh399,,67,99,117,152,156,236,238,116,144,154,170,184,186,234,240,147,147,205,205,156,158,191,193,247,253,102,106,176,178
88,14.07.11,rh400,X,75,97,119,148,156,234,238,110,110,152,158,182,186,234,234,147,149,200,208,154,162,179,185,241,251,100,102,174,180
89,14.07.11,rh401,X,76,117,117,160,162,236,248,122,124,160,160,184,186,234,240,133,147,203,208,154,158,203,211,251,253,110,114,176,180
90,14.07.11,sd6,,77,97,113,148,154,236,244,116,182,158,182,182,186,234,234,143,143,205,205,154,156,177,203,247,255,110,116,172,178
91,14.07.11,sh310,,62,97,117,156,170,236,240,122,150,156,158,182,182,234,240,145,147,203,205,156,166,203,211,247,249,108,108,178,184
92,14.07.11,sh317,,77,111,113,148,162,236,244,116,182,158,182,178,182,234,240,143,143,205,205,154,154,177,207,241,255,110,116,172,178
93,14.07.11,sh320,X,78,97,113,156,158,236,238,116,120,156,162,182,188,234,234,143,151,205,208,154,166,189,189,251,253,108,110,174,174
94,14.07.11,sh322,X,79,97,119,156,158,236,244,134,180,152,158,182,188,234,234,139,151,203,205,154,154,187,203,251,253,112,114,172,190
95,14.07.11,sa143,X,80,97,109,156,158,236,238,116,132,158,160,182,184,234,234,125,139,200,205,168,172,193,203,247,253,108,114,174,192
96,15.07.11,r344,X,81,97,117,150,156,246,248,120,120,152,156,180,180,234,240,143,149,203,208,154,166,179,193,255,257,104,104,174,180
97,15.07.11,r354,X,82,97,113,160,170,234,236,110,188,152,160,184,184,240,240,133,139,200,205,154,154,203,205,239,249,108,110,174,192
98,15.07.11,rh411,X,83,97,115,150,156,240,244,110,206,156,156,180,184,234,240,139,149,200,205,156,162,185,193,247,251,108,120,172,172
99,15.07.11,sa163,,70,97,119,154,154,238,240,120,168,160,166,182,188,234,240,125,139,200,203,154,156,189,203,249,255,104,118,154,178
100,20.06.11,lh5,X,59,117,119,156,156,234,244,116,116,152,158,180,182,238,240,147,155,205,205,158,168,195,203,249,255,104,112,172,178
101,20.06.11,rh17,,84,97,117,162,164,234,236,120,124,152,158,182,188,234,240,149,149,203,205,156,156,177,203,245,247,100,110,178,178
102,20.06.11,mh12,X,85,97,115,158,170,236,242,116,180,156,168,182,182,234,240,147,149,203,205,154,168,185,209,239,241,110,110,172,178
103,20.06.11,mh14,X,86,97,97,156,158,238,240,116,122,158,160,180,186,234,240,125,143,205,208,144,154,177,193,243,247,108,120,188,188
104,20.06.11,mh28,,59,117,119,156,156,234,244,116,116,158,158,182,184,238,240,139,155,205,205,158,160,191,203,249,255,104,112,172,178
105,20.06.11,mh32,,59,97,117,150,156,234,240,116,116,152,158,182,184,240,240,139,155,203,205,158,160,195,203,249,255,100,104,178,188
106,20.06.11,mh36,,59,117,119,150,156,234,240,116,120,152,158,182,184,238,240,139,155,205,205,158,168,191,203,249,255,100,104,172,178
107,20.06.11,kt14,X,77,97,113,148,154,236,244,116,182,158,182,178,182,234,234,139,143,205,205,154,156,177,207,241,255,110,110,172,178
108,20.06.11,kt15,,81,97,117,150,156,246,248,120,120,152,154,180,180,234,240,143,149,203,208,154,166,179,193,251,257,104,112,172,174
109,20.06.11,sh26,,55,111,117,158,158,236,242,110,120,156,156,180,184,234,240,139,153,203,205,150,154,191,197,251,251,102,118,174,178
110,20.06.11,sh28,,87,97,117,148,156,236,246,122,122,158,158,182,182,234,234,147,149,203,211,154,156,179,217,247,257,102,120,172,172
111,20.07.11,lh283,X,88,97,115,156,156,236,240,120,172,152,158,180,184,234,240,139,151,200,203,154,154,179,203,241,253,104,108,178,184
112,20.07.11,lh290,X,66,97,117,156,164,236,250,144,150,152,158,184,192,240,240,139,145,194,205,156,170,177,193,255,257,112,112,172,190
113,20.07.11,lh291,X,89,97,97,156,156,236,244,144,198,154,158,178,182,234,240,145,147,203,205,156,160,193,203,241,249,100,112,176,202
114,20.07.11,lh294,X,90,115,117,154,168,236,238,144,166,158,158,176,182,234,240,143,147,205,211,150,156,189,191,241,263,108,116,172,174
115,20.07.11,r370,,25,97,109,160,174,236,236,110,150,152,176,182,182,234,234,143,149,205,205,154,156,177,193,249,255,116,122,176,184
116,20.07.11,r372,X,91,107,107,148,164,236,236,124,168,158,158,182,184,234,240,133,147,200,203,154,170,191,215,245,257,108,116,174,174
117,20.07.11,rh440,X,92,117,117,156,156,234,246,122,124,154,158,182,184,234,240,147,153,205,205,154,158,205,209,247,253,118,120,178,194
118,20.07.11,rh446,X,93,97,119,148,156,248,250,120,120,156,158,180,188,234,240,139,147,205,211,154,154,185,201,241,257,102,106,172,178
119,20.07.11,js279,,21,97,97,156,158,236,244,116,150,164,164,184,188,234,234,137,149,208,208,154,170,177,203,247,263,112,114,172,172
120,20.07.11,js283,X,94,97,107,150,166,234,244,120,124,158,158,182,184,234,234,139,145,203,208,152,170,177,177,251,251,110,112,172,192
121,20.07.11,js286,X,95,107,109,146,158,234,234,120,120,158,160,180,184,234,234,133,149,205,208,152,154,193,199,257,257,100,104,172,176
122,20.07.11,js288,,95,107,113,146,158,234,234,120,120,158,158,178,184,234,240,139,149,203,205,152,154,189,193,245,257,100,104,172,172
123,20.07.11,sh338,X,96,97,115,150,164,234,244,116,120,158,158,182,182,234,240,139,147,203,205,156,168,191,207,247,251,110,116,188,188
124,20.07.11,sh349,,57,97,109,158,164,236,236,118,144,152,156,0,0,234,240,139,147,208,208,168,170,177,191,243,247,118,120,176,188
125,20.07.11,sh354,X,97,97,97,164,170,236,238,110,184,158,158,180,192,234,240,143,145,205,205,154,156,189,201,251,253,102,114,172,172
126,20.07.11,gb245,X,98,97,117,150,162,238,244,116,160,154,156,182,182,234,242,139,143,203,205,154,160,179,191,243,251,104,118,174,174
127,20.07.11,gb249,X,42,109,117,156,160,244,246,124,146,158,164,180,184,234,234,143,149,203,208,154,156,177,185,241,251,106,114,174,178
128,20.07.11,gb250,X,99,97,113,156,158,238,244,120,152,158,162,184,184,234,240,125,149,203,208,156,160,187,195,243,251,102,120,178,182
129,20.07.11,gb251,X,15,115,117,156,174,234,236,116,132,156,156,184,184,240,240,147,147,203,205,154,154,191,193,251,255,102,116,178,180
130,20.07.11,jp130,X,64,117,119,156,158,236,238,120,144,152,162,178,182,0,0,143,147,205,205,158,166,203,207,241,257,100,110,178,178
131,20.07.11,jp131,,100,97,115,156,156,236,242,120,144,0,0,182,184,234,234,133,149,205,208,154,158,211,211,241,247,114,116,174,184
132,20.07.11,sa183,X,101,97,99,156,168,238,238,110,120,156,158,180,184,234,240,135,149,203,208,154,154,177,207,251,257,104,108,172,178
133,20.07.11,sa184,X,74,93,97,150,156,236,248,158,170,156,158,182,184,240,240,143,147,203,205,154,154,189,203,241,251,100,118,172,178
134,20.07.11,sa199,X,102,115,119,148,164,234,240,116,146,156,156,172,182,234,240,129,151,203,211,154,164,187,191,249,253,102,118,172,190
135,21.06.11,lh32,X,103,109,117,148,154,236,236,110,134,166,166,180,182,240,240,133,149,200,211,156,170,193,211,241,247,106,116,172,178
136,21.06.11,sh50,,104,93,117,158,170,234,244,116,120,156,160,180,180,234,234,147,149,205,205,154,154,195,215,245,247,110,112,180,182
137,21.06.11,sh53,,24,97,111,148,154,238,242,116,124,158,160,184,184,240,242,139,149,208,211,156,162,193,201,249,253,114,120,178,178
138,21.06.11,sh54,X,105,97,117,156,162,244,244,120,124,152,160,182,184,234,240,143,159,203,205,154,158,191,197,253,255,118,120,174,180
139,21.07.11,lh299,X,106,97,97,156,168,236,244,116,144,156,158,184,184,234,240,125,143,200,200,154,154,189,195,255,265,102,108,174,190
140,21.07.11,r377,X,67,99,117,152,158,236,236,116,188,160,170,180,184,234,240,147,147,205,205,156,158,191,193,251,253,102,102,174,178
141,21.07.11,r385,X,107,93,97,156,156,236,246,116,192,158,158,184,184,240,240,133,143,208,208,156,160,193,215,249,253,110,112,178,178
142,21.07.11,r386,,16,93,117,166,170,236,244,116,124,152,154,184,188,238,242,137,143,205,205,154,154,187,189,243,247,100,100,172,172
143,21.07.11,r394,,108,97,97,154,160,234,236,122,150,156,158,180,182,234,234,139,143,205,205,156,168,201,205,255,257,102,102,178,178
144,21.07.11,r397,X,109,97,115,172,172,238,244,120,124,158,162,182,182,240,242,145,147,200,200,158,164,191,203,251,253,100,110,174,178
145,21.07.11,r398,,109,97,111,172,172,244,246,120,124,158,162,182,182,234,242,0,0,200,205,158,164,191,203,249,251,100,118,174,178
146,21.07.11,rh452,X,50,97,115,154,158,236,244,120,146,152,158,182,188,240,240,147,149,203,205,154,154,193,193,253,253,102,112,172,176
147,21.07.11,rh453,X,110,99,109,154,162,236,244,116,120,160,164,180,184,234,240,149,151,205,211,154,156,191,205,239,245,108,116,172,178
148,21.07.11,rh455,,87,97,117,148,156,236,246,116,122,158,160,182,182,234,234,147,149,203,211,154,156,203,217,247,257,100,102,172,176
149,21.07.11,rh456,X,111,97,115,150,152,236,236,116,176,156,168,180,192,234,240,143,151,200,203,148,166,177,177,247,253,112,116,172,174
150,21.07.11,rh459,X,112,97,117,154,158,236,236,110,116,158,160,0,0,234,240,139,139,205,205,156,170,177,177,241,247,114,120,172,172
151,21.07.11,js293,X,113,107,117,150,158,236,236,120,186,152,156,182,186,240,240,139,139,200,205,154,156,185,191,247,251,102,108,172,194
152,21.07.11,js294,,15,115,117,156,174,234,236,116,132,156,156,184,184,240,240,147,151,203,205,154,154,193,203,251,255,102,116,178,180
153,21.07.11,js296,,114,109,115,158,172,236,242,124,182,158,170,182,182,234,240,125,139,205,208,154,158,177,189,247,257,106,110,172,172
154,21.07.11,js299,X,115,117,119,152,156,242,244,116,120,152,158,180,184,234,234,135,135,200,205,154,158,185,201,251,255,108,114,172,188
155,21.07.11,js306,X,87,97,117,156,156,236,236,116,122,158,160,182,182,234,234,147,149,203,211,154,156,179,217,245,247,102,120,172,176
156,21.07.11,gb257,,17,97,97,154,156,234,244,120,120,158,160,180,184,234,238,139,151,205,211,154,172,183,191,241,243,102,118,172,172
157,21.07.11,gb259,X,108,97,97,154,160,234,236,122,150,156,158,182,188,234,238,143,147,205,205,156,168,177,201,245,255,100,102,170,178
158,21.07.11,gb261,X,116,97,117,156,170,236,238,110,132,160,172,180,184,234,234,129,149,200,205,154,158,177,183,241,243,118,120,172,200
159,21.07.11,gb262,X,117,115,117,148,158,236,240,158,188,152,166,182,184,240,240,139,149,205,205,154,158,193,203,247,247,102,104,172,174
160,21.07.11,gb265,,82,113,119,160,170,234,236,110,188,152,170,184,184,240,240,139,143,205,205,154,156,203,205,239,249,108,110,174,192
161,21.07.11,sa213,,81,97,117,150,156,240,248,120,132,152,156,180,180,234,240,143,149,203,208,154,166,193,203,255,257,104,104,172,174
162,21.07.11,sa219,,87,97,117,148,156,236,236,122,122,158,158,182,182,234,234,147,149,203,211,154,156,203,217,247,257,102,120,172,176
163,22.06.11,lh43,X,118,117,119,148,164,234,238,116,120,160,160,180,184,234,240,143,151,203,208,154,154,177,211,243,253,108,116,172,172
164,22.06.11,lh51,X,119,97,117,148,154,236,238,120,124,162,166,182,188,240,240,139,149,203,205,152,160,193,195,249,251,108,118,178,184
165,22.06.11,rm20,X,120,97,97,162,164,238,244,116,146,154,158,182,184,234,238,145,147,200,211,156,162,191,203,247,253,102,120,172,178
166,22.06.11,rm24,X,33,117,117,154,158,236,236,144,178,156,158,182,184,234,240,149,149,200,205,166,170,191,191,247,255,102,110,172,176
167,22.06.11,rm27,,32,113,117,156,156,236,244,0,0,152,158,180,184,234,238,139,139,203,205,160,172,179,193,245,251,112,112,176,190
168,22.06.11,js64,,24,97,111,150,154,236,242,116,124,158,160,184,184,240,242,139,149,208,211,162,170,193,207,245,253,104,114,178,188
169,22.06.11,gb33,,36,97,117,152,164,234,242,120,158,158,158,180,182,234,240,135,139,203,205,154,154,203,203,241,245,120,120,172,192
170,22.06.11,gb36,,24,97,111,148,154,236,242,110,124,158,158,184,184,240,242,139,149,208,211,162,170,193,207,245,253,104,114,178,178
171,22.06.11,sa26,X,121,99,111,156,156,242,242,144,144,158,160,182,184,234,240,133,135,208,211,154,156,177,193,235,255,112,120,172,178
172,22.06.11,jp2,X,122,117,117,156,158,236,236,122,144,162,164,182,186,234,234,143,143,200,203,156,160,189,203,241,251,108,120,174,178
173,22.06.11,jp5,X,123,117,117,148,152,236,246,120,160,148,158,182,182,234,240,137,149,208,211,154,156,183,195,251,255,102,106,172,174
174,22.07.11,lh314,X,124,97,111,150,156,236,238,116,116,160,160,182,182,234,238,139,149,200,211,170,170,203,207,243,249,104,118,172,188
175,22.07.11,lh315,X,125,115,115,156,158,236,240,116,116,152,160,182,184,234,240,139,145,200,203,156,156,191,191,241,253,110,112,194,194
176,22.07.11,lh317,X,126,97,117,148,154,236,238,122,146,152,160,180,184,240,240,147,149,200,203,154,158,183,211,251,255,116,118,172,176
177,22.07.11,lh321,,4,99,115,158,158,232,244,120,120,152,154,184,186,234,240,133,151,203,205,154,156,185,193,247,251,100,110,172,178
178,22.07.11,lh322,X,127,97,117,156,164,244,248,110,116,158,160,182,186,234,240,139,139,203,208,154,158,191,191,253,255,104,110,172,182
179,22.07.11,lh324,,128,97,97,154,156,244,244,116,116,156,160,182,182,234,234,149,149,203,208,154,158,185,205,247,251,104,112,172,178
180,22.07.11,lh325,X,129,97,109,156,156,236,240,116,134,152,156,182,184,234,240,145,147,203,208,154,162,203,207,249,253,108,116,172,184
181,22.07.11,lh330,X,130,117,119,156,170,234,240,120,154,156,158,184,186,234,234,125,149,203,205,156,158,189,193,241,247,102,104,172,184
182,22.07.11,lh332,X,131,97,119,154,156,234,236,116,120,156,170,182,184,234,234,149,151,205,211,160,162,177,189,245,255,112,116,172,178
183,22.07.11,lh337,X,132,97,99,156,156,240,244,116,122,158,162,184,192,234,234,149,151,203,211,154,166,195,203,247,249,108,114,172,172
184,22.07.11,lh341,X,133,97,117,168,182,236,236,120,120,160,166,180,182,234,240,139,147,205,205,154,158,183,189,239,271,100,110,174,178
185,22.07.11,lh345,X,134,97,119,148,160,244,244,0,0,154,158,184,184,234,234,149,149,205,205,152,170,193,195,245,249,100,108,172,182
186,22.07.11,lh346,X,135,105,115,152,164,234,236,110,124,152,158,182,182,234,240,139,151,205,205,154,158,185,193,251,257,104,112,172,178
187,22.07.11,lh348,X,136,97,115,150,156,236,236,110,122,156,158,184,184,234,240,143,149,203,205,154,166,191,205,241,247,110,112,178,186
188,22.07.11,lh349,,137,93,117,150,158,236,238,110,116,156,158,184,188,234,234,139,139,203,211,154,156,193,209,247,257,108,112,172,178
189,22.07.11,lh351,X,138,97,99,156,156,236,242,120,144,152,156,184,186,238,240,143,149,211,211,154,154,191,213,247,257,104,112,178,200
190,22.07.11,lh353,X,139,97,117,156,162,236,236,122,146,154,154,182,182,234,240,139,159,200,205,154,166,189,203,251,253,102,112,178,186
191,22.07.11,lh354,X,140,97,117,160,160,236,244,120,138,152,156,182,182,234,240,143,157,200,205,154,154,189,207,247,251,102,114,174,190
192,22.07.11,lh355,,141,97,113,156,162,236,236,124,164,156,166,182,182,234,240,129,143,205,208,154,168,193,201,245,251,112,116,172,172
193,22.07.11,r405,X,142,97,117,156,156,244,244,116,120,156,158,178,180,234,240,143,143,203,205,150,158,191,193,247,247,116,116,174,174
194,22.07.11,r407,X,143,97,117,150,172,234,236,146,150,158,166,184,184,234,234,139,149,205,208,154,158,193,193,241,245,102,120,174,190
195,22.07.11,r408,X,144,97,115,150,170,236,238,124,124,158,160,178,184,234,240,139,149,205,205,154,154,177,213,253,255,108,110,176,176
196,22.07.11,r410,X,145,107,111,150,170,236,240,120,160,152,160,184,188,234,240,149,149,205,208,152,168,179,203,241,253,100,114,176,178
197,22.07.11,r411,X,146,97,117,150,170,244,244,130,188,158,160,184,184,234,240,143,159,205,208,0,0,177,203,247,255,100,104,178,188
198,22.07.11,r413,X,147,97,117,156,158,236,240,120,122,156,158,182,184,234,240,147,149,203,205,152,156,179,207,247,251,102,118,176,178
199,22.07.11,r415,X,148,97,117,156,170,234,236,110,120,158,160,182,184,240,240,139,151,205,208,154,156,203,207,239,253,102,120,174,184
200,22.07.11,r417,X,149,97,97,148,158,242,246,164,172,156,158,184,184,240,240,139,149,203,205,158,162,193,203,253,253,100,104,172,178
201,22.07.11,r418,X,150,97,115,156,158,236,238,124,144,152,160,182,184,234,234,149,151,208,208,154,160,179,189,247,257,112,116,172,178
202,22.07.11,r419,X,151,115,117,156,164,236,238,120,120,160,164,182,184,234,240,143,153,205,208,154,154,183,203,247,247,110,114,172,172
203,22.07.11,r420,X,152,117,117,156,160,236,240,116,124,154,158,180,182,234,240,139,145,205,211,156,164,177,193,245,247,102,110,174,174
204,22.07.11,r421,X,153,97,117,154,154,246,246,110,120,152,158,178,188,234,234,139,149,205,205,152,156,189,191,251,255,104,116,174,178
205,22.07.11,r423,X,154,117,117,156,156,236,236,176,184,152,178,182,184,234,238,147,147,205,208,156,162,203,203,247,253,112,118,172,180
206,22.07.11,r429,X,155,97,117,156,158,236,244,0,0,156,158,180,180,234,240,125,139,205,208,154,154,189,191,251,253,104,108,172,174
207,22.07.11,r433,,123,117,117,148,172,234,236,160,160,148,158,182,186,234,240,135,137,208,211,154,156,183,201,243,251,102,106,172,190
208,22.07.11,r434,X,156,97,113,156,164,238,238,110,176,156,158,184,184,234,234,145,149,205,208,160,160,183,193,257,267,108,118,172,174
209,22.07.11,r436,X,157,97,117,154,170,236,238,116,116,156,158,180,182,240,240,137,143,203,211,154,154,193,207,247,255,108,114,174,190
210,22.07.11,rh471,X,158,117,117,158,166,236,236,120,194,158,158,178,184,234,234,139,147,203,205,154,170,177,193,243,251,114,118,172,172
211,22.07.11,rh473,X,159,97,117,154,156,238,246,120,146,160,166,182,184,240,240,139,143,203,217,154,158,177,189,243,245,100,102,174,178
212,22.07.11,rh478,X,160,93,97,160,162,236,238,120,120,156,158,180,188,234,240,129,149,203,208,154,156,191,205,251,251,110,112,172,174
213,22.07.11,rh479,X,72,97,117,156,158,236,240,110,196,158,160,182,182,234,238,125,147,200,208,154,154,191,195,249,253,104,120,172,174
214,22.07.11,rh480,X,161,97,99,156,158,236,244,144,168,156,162,182,182,234,234,139,143,203,205,164,172,183,189,247,259,108,110,174,176
215,22.07.11,rh481,X,162,99,117,150,156,236,236,116,120,160,160,182,182,234,240,139,149,205,208,158,160,195,203,243,251,102,104,178,178
216,22.07.11,rh483,,155,97,117,154,158,234,236,0,0,158,160,180,180,234,240,125,139,205,208,154,154,189,191,253,263,104,108,172,172
217,22.07.11,rh485,X,163,97,115,164,164,234,238,116,120,154,158,180,184,234,240,139,151,203,208,154,156,205,205,247,251,104,110,174,190
218,22.07.11,rh490,X,164,117,117,148,156,236,248,120,120,158,160,182,182,234,240,135,149,203,208,154,154,177,193,243,253,102,102,172,172
219,22.07.11,rh493,X,165,97,97,156,162,238,240,116,178,158,166,182,182,234,234,129,139,205,205,154,154,183,191,243,247,114,120,172,178
220,22.07.11,rh504,,166,97,105,156,164,238,244,122,164,156,158,182,184,234,240,147,149,203,205,150,170,183,191,245,257,110,110,186,186
221,22.07.11,rh505,X,167,117,117,150,168,236,238,116,126,158,158,180,182,234,234,135,145,205,205,154,154,179,203,247,255,102,116,172,188
222,22.07.11,rh508,,168,97,115,150,154,234,240,172,172,158,164,184,184,234,240,143,149,205,205,154,156,179,193,239,251,104,118,172,178
223,22.07.11,rh511,,37,99,117,150,164,236,236,124,124,156,158,182,182,238,240,125,147,203,205,158,164,189,189,243,255,110,120,172,182
224,22.07.11,rh512,X,169,117,119,150,156,236,244,132,132,154,172,180,192,234,234,139,139,205,208,154,170,191,203,253,257,116,120,172,172
225,22.07.11,rh514,X,170,99,115,158,160,236,244,146,164,158,158,186,186,234,234,135,145,200,205,154,154,177,201,253,253,110,112,178,182
226,22.07.11,rh516,,161,99,99,156,158,236,238,132,144,156,162,182,182,234,234,139,143,205,205,160,164,183,187,247,259,110,110,174,178
227,22.07.11,sh378,X,171,115,117,156,160,236,244,116,152,158,160,182,192,234,240,133,143,205,208,154,156,183,213,247,251,110,116,182,190
228,22.07.11,sh379,X,172,97,97,156,170,234,234,122,176,158,158,182,184,234,234,147,149,203,211,154,154,193,203,247,253,108,116,172,190
229,22.07.11,sh385,X,173,97,117,156,156,236,240,146,146,158,160,184,184,234,234,143,155,203,205,154,156,195,215,243,251,110,116,174,176
230,22.07.11,sh388,X,174,115,117,158,164,234,246,114,150,158,158,184,184,234,234,139,143,205,205,156,156,183,207,253,257,102,108,174,186
231,22.07.11,sh389,X,175,97,111,156,156,234,234,110,124,158,160,178,182,234,240,125,133,205,208,152,160,189,201,245,251,100,102,172,182
232,22.07.11,sh390,X,166,97,105,156,164,238,244,122,206,156,158,178,184,234,234,143,149,203,205,150,156,183,191,253,257,110,114,186,188
233,22.07.11,sh395,X,176,97,117,150,156,236,248,110,144,156,158,182,184,234,240,129,145,205,208,154,158,203,209,255,255,100,110,184,190
234,22.07.11,sh398,,159,97,117,154,156,238,246,120,146,154,160,184,184,234,240,139,139,203,217,154,158,189,205,243,245,102,102,174,174
235,22.07.11,sh399,X,177,97,115,154,158,236,244,116,124,156,158,182,182,234,240,147,147,203,205,154,154,183,183,235,255,110,110,172,178
236,22.07.11,sh400,X,178,97,97,156,158,234,238,144,146,156,170,184,184,234,240,143,147,200,208,154,154,191,203,249,249,108,120,180,190
237,22.07.11,sh402,X,179,93,97,150,156,236,244,116,120,156,158,182,184,234,234,143,149,203,208,154,156,193,201,247,251,104,110,180,192
238,23.06.11,rh105,X,180,97,115,158,170,236,236,120,184,156,158,178,184,240,240,139,149,200,211,156,156,189,197,251,253,114,114,172,178
239,23.06.11,rh111,,51,117,117,156,156,244,246,116,122,152,156,182,184,234,234,135,139,203,205,158,172,189,205,243,253,112,120,172,194
240,23.06.11,rh117,X,181,97,119,152,162,234,236,110,116,158,160,184,184,234,240,143,149,203,205,154,158,191,193,247,251,100,104,174,184
241,23.06.11,js77,X,182,97,117,156,162,236,244,116,116,156,156,180,182,234,240,137,139,203,205,154,166,177,177,251,255,110,118,174,190
242,23.06.11,r45,X,183,115,117,156,164,238,246,110,190,152,164,182,184,234,238,139,147,203,211,170,170,177,177,251,253,108,116,178,190
243,24.06.11,rh122,X,184,97,117,156,156,236,236,116,164,156,164,180,180,234,234,143,149,203,205,168,170,177,193,251,255,104,110,178,180
244,24.06.11,rh123,,185,97,97,150,154,244,244,200,200,152,172,180,184,240,240,125,139,203,205,154,158,191,191,247,255,100,110,174,186
245,24.06.11,rh124,X,185,97,97,154,158,236,244,116,116,158,172,180,180,234,240,139,139,203,205,154,158,191,191,247,255,100,110,174,186
246,24.06.11,rh134,X,43,97,111,148,160,236,236,116,130,162,168,184,188,234,240,139,143,205,211,154,156,187,213,243,247,104,108,172,182
247,24.06.11,js116,X,186,117,117,156,158,242,246,120,178,156,156,184,184,240,240,147,153,200,200,154,156,191,203,243,243,104,110,172,176
248,24.06.11,js119,,36,97,117,148,152,234,236,120,158,158,158,180,182,240,240,135,139,203,205,154,154,203,203,241,245,108,120,174,192
249,24.06.11,js122,X,187,113,113,152,156,234,236,110,182,160,160,180,182,234,240,145,151,203,205,152,154,189,203,241,245,104,114,172,180
250,24.06.11,js123,,188,97,117,150,156,236,244,168,178,152,158,182,186,240,240,135,153,203,203,156,156,183,191,239,251,114,116,174,174
251,24.06.11,sh70,X,188,97,97,156,158,236,246,168,178,152,158,182,186,240,240,135,153,203,205,156,156,183,193,239,251,116,116,174,178
252,24.06.11,sh71,,188,97,97,150,156,236,246,116,168,154,158,182,186,234,240,135,153,203,205,156,156,183,193,239,251,114,116,174,178
253,24.06.11,sa64,,185,97,119,154,158,236,244,116,116,152,172,180,184,240,240,125,139,203,205,158,160,191,191,247,247,110,112,174,186
254,24.06.11,sa68,,36,97,117,152,164,234,242,124,158,158,158,180,184,234,240,135,149,205,211,154,156,203,203,241,245,120,120,174,192
255,25.07.11,lh356,,37,99,117,150,160,236,236,124,144,156,158,182,184,240,240,125,147,203,205,154,158,189,193,243,255,104,110,172,182
256,25.07.11,lh363,,72,97,117,154,158,236,240,156,196,158,160,182,184,234,238,125,139,200,208,154,154,177,195,251,253,104,120,174,174
257,25.07.11,lh365,X,189,97,117,156,158,236,238,150,164,156,162,182,184,234,240,139,149,205,208,154,166,183,201,251,251,102,118,172,182
258,25.07.11,lh373,X,128,97,97,156,156,244,244,116,194,156,160,182,182,234,234,149,149,203,205,150,158,177,185,247,251,102,104,172,178
259,25.07.11,lh375,X,190,105,119,148,170,234,246,122,164,152,158,184,184,240,240,129,139,203,205,154,154,203,209,249,249,102,108,174,178
260,25.07.11,lh376,X,191,97,117,164,164,238,240,124,144,154,160,182,184,234,240,149,151,208,211,154,154,191,193,251,253,100,108,174,190
261,25.07.11,lh379,X,192,97,97,154,170,236,244,120,132,152,158,184,186,240,240,135,153,205,205,160,170,191,201,241,257,104,116,154,172
262,25.07.11,lh380,,193,97,99,156,170,234,244,116,134,152,152,180,186,234,238,0,0,200,203,154,160,185,203,241,253,102,108,172,172
263,25.07.11,lh381,X,194,97,117,158,170,234,236,120,156,152,158,182,182,234,240,125,145,205,208,156,170,177,177,251,251,102,110,174,186
264,25.07.11,r443,,91,107,107,158,164,236,238,124,168,158,158,178,182,234,234,133,147,200,203,154,170,191,215,253,257,108,116,174,174
265,25.07.11,r444,,191,117,117,164,170,238,240,144,144,156,160,182,184,234,240,147,149,205,211,154,154,191,193,251,253,100,108,174,190
266,25.07.11,r447,,191,97,117,164,170,238,240,124,144,154,160,182,184,240,240,149,151,208,211,154,154,191,193,247,253,100,108,174,190
267,25.07.11,r448,,128,97,97,154,156,244,244,116,204,156,162,182,182,234,234,135,149,203,205,154,158,177,185,247,251,104,112,172,174
268,25.07.11,r452,,137,97,117,156,158,236,238,110,116,158,158,184,188,234,234,139,139,203,211,154,156,201,209,253,257,110,112,172,178
269,25.07.11,r458,,27,117,117,154,164,236,238,120,172,156,158,182,182,234,240,143,149,203,211,150,164,189,207,247,251,102,110,174,178
270,25.07.11,r459,X,195,113,117,154,160,238,240,116,124,152,158,182,182,240,240,133,139,205,208,154,154,203,205,253,257,102,106,172,174
271,25.07.11,r461,,166,97,105,156,164,240,244,122,206,152,158,182,184,234,240,147,149,203,205,150,156,183,203,245,257,110,110,186,188
272,25.07.11,r462,X,196,117,119,156,164,236,242,110,120,160,160,182,182,234,234,147,159,200,205,154,168,193,195,235,251,110,112,178,178
273,25.07.11,r463,X,114,109,115,152,172,242,246,124,182,156,170,182,182,240,240,125,139,205,208,154,156,177,201,247,257,106,110,172,172
274,25.07.11,r466,X,197,107,119,152,158,238,242,120,120,158,160,182,182,234,240,149,149,205,205,156,158,177,177,249,251,102,110,172,186
275,25.07.11,r467,X,198,97,115,170,172,234,246,124,124,154,156,184,186,234,240,143,151,205,208,154,154,191,193,235,247,100,108,190,194
276,25.07.11,r468,X,199,97,117,156,158,236,244,120,150,156,158,180,182,234,240,143,147,203,208,154,168,191,191,241,255,112,118,178,182
277,25.07.11,r469,,200,97,107,148,154,236,236,116,168,152,154,182,184,234,240,143,147,205,208,154,156,189,203,251,255,108,118,172,174
278,25.07.11,r470,X,201,97,99,156,162,236,238,164,164,154,156,182,184,234,240,143,145,205,205,156,172,179,183,255,257,100,104,172,172
279,25.07.11,rh517,X,202,97,117,154,160,242,244,120,146,152,156,182,184,234,240,143,155,205,211,152,168,177,193,251,255,100,100,172,172
280,25.07.11,rh521,X,203,97,117,152,156,236,242,116,144,152,158,180,184,234,234,143,147,203,211,150,156,189,201,247,249,104,112,182,188
281,25.07.11,rh524,X,204,97,97,154,156,234,242,120,122,158,160,182,188,240,240,135,147,200,211,154,156,189,193,245,253,102,108,172,194
282,25.07.11,rh528,X,205,115,117,156,170,238,240,116,116,158,158,180,184,234,238,129,149,205,211,152,158,193,193,247,249,100,104,176,180
283,25.07.11,rh538,,196,97,117,156,164,236,242,110,144,158,160,182,182,234,242,151,159,200,205,154,164,193,195,235,251,104,110,172,178
284,25.07.11,rh540,X,11,97,117,152,156,236,236,116,120,158,164,182,188,240,240,143,151,203,205,152,158,189,203,241,247,116,120,172,172
285,25.07.11,rh541,X,206,111,117,148,158,234,244,110,150,154,158,182,184,234,234,133,147,208,208,150,150,191,201,249,261,112,120,174,190
286,25.07.11,rh542,,207,107,115,156,158,238,244,150,170,164,164,182,184,240,240,139,147,205,205,154,168,201,203,241,251,102,104,172,174
287,25.07.11,rh545,,196,117,119,156,156,236,242,110,120,160,160,182,182,234,234,151,159,200,205,154,164,193,195,235,251,104,110,178,178
288,25.07.11,rh546,X,208,97,119,150,158,240,246,124,186,158,158,184,184,234,234,139,143,203,211,154,162,183,203,241,241,102,110,174,180
289,25.07.11,rh547,X,209,117,117,156,156,238,240,116,124,154,156,182,184,234,240,143,151,205,205,154,156,191,205,247,251,108,114,172,190
290,25.07.11,jp139,X,210,97,107,162,170,238,248,122,122,158,158,182,184,234,240,139,147,194,205,154,156,183,191,247,253,108,108,172,178
291,25.07.11,jp141,X,211,97,111,152,156,238,240,116,122,154,156,178,182,234,240,133,149,203,205,160,168,191,201,245,247,110,110,176,184
292,25.07.11,jp145,X,204,97,97,154,156,234,242,120,122,158,160,184,188,240,240,135,149,200,211,154,156,193,193,243,245,108,114,172,194
293,25.07.11,jp152,X,212,97,119,156,156,236,244,116,122,158,162,180,184,240,240,139,147,200,205,154,154,183,195,251,255,104,108,178,190
294,25.07.11,jp157,X,213,97,97,150,164,236,238,190,192,158,164,184,184,234,234,147,153,203,205,156,156,191,205,251,257,102,120,172,176
295,25.07.11,jp159,X,214,117,117,148,158,236,240,116,164,156,158,180,184,234,234,129,149,203,205,152,162,181,203,247,247,102,110,172,182
296,25.07.11,jp160,X,10,99,119,156,164,238,242,116,180,156,156,182,182,240,240,143,149,205,208,156,162,177,179,243,251,108,110,172,178
297,25.07.11,jp161,X,137,97,117,156,158,234,236,110,116,158,158,184,188,234,240,139,139,203,211,154,156,201,209,253,257,110,112,174,178
298,25.07.11,sh413,X,215,97,113,164,172,236,246,0,0,158,158,180,186,234,240,149,149,205,208,158,160,193,203,247,253,102,120,172,178
299,25.07.11,sh415,X,207,97,107,156,158,238,244,120,170,164,164,182,184,234,240,125,147,205,205,154,154,177,203,241,251,104,112,172,174
300,25.07.11,sh417,X,200,97,107,148,154,236,238,150,168,154,158,182,184,234,240,139,147,205,208,154,156,189,203,247,255,100,108,172,174
301,25.07.11,sh418,X,216,97,119,148,154,234,236,130,144,158,158,184,184,240,240,139,139,203,211,156,164,191,209,243,247,100,108,172,178
302,25.07.11,sh420,,72,97,117,154,158,236,240,110,196,158,158,182,184,234,238,125,139,200,208,154,154,191,195,249,253,104,120,174,174
303,25.07.11,sh422,X,217,97,115,156,156,236,236,126,192,156,158,176,180,240,240,149,155,200,203,156,158,191,205,255,267,102,116,178,178
304,25.07.11,sh423,X,193,97,97,156,170,234,244,116,116,152,160,180,180,234,238,0,0,200,203,154,160,185,193,241,241,102,108,172,172
305,25.07.11,gb273,X,141,97,113,156,162,236,236,124,164,156,166,182,182,234,240,129,143,205,205,154,168,193,201,245,251,110,112,172,172
306,25.07.11,gb281,,137,97,117,156,158,236,238,110,110,158,158,184,184,234,234,139,139,203,211,154,156,193,209,253,257,110,112,174,178
307,25.07.11,gb283,,137,97,117,150,158,234,236,110,110,156,158,184,184,234,240,139,139,203,211,154,156,193,209,247,257,108,112,172,178
308,25.07.11,gb284,X,218,97,117,154,156,236,240,110,110,154,158,182,182,238,240,149,149,205,205,152,160,193,193,241,247,110,118,172,178
309,25.07.11,gb289,X,219,97,117,150,158,236,248,120,150,152,158,180,180,234,234,143,145,208,211,156,158,177,189,247,253,102,116,154,178
310,25.07.11,gb291,X,220,117,119,150,158,238,246,116,116,158,158,182,184,234,242,135,149,205,205,154,156,191,201,243,245,104,108,188,188
311,25.07.11,gb292,X,221,99,119,158,160,236,242,116,124,154,158,182,182,234,240,149,149,200,205,166,166,191,207,249,251,102,102,178,186
312,25.07.11,gb293,,193,97,99,156,170,234,246,116,116,152,152,180,186,234,238,0,0,200,203,154,168,185,203,241,253,102,102,172,172
313,25.07.11,gb294,X,222,97,117,154,156,230,236,110,122,160,160,180,184,234,240,147,151,205,208,156,156,191,207,243,251,104,116,174,180
314,27.06.11,rh140,,62,97,117,156,160,236,240,122,150,156,158,182,182,234,240,145,147,203,208,156,166,203,211,249,261,108,116,178,184
315,28.06.11,rh152,,64,117,119,156,158,236,238,120,184,152,162,182,182,0,0,145,147,205,208,166,168,193,207,241,257,100,110,178,178
316,28.06.11,js150,X,223,97,109,156,160,236,246,110,166,156,156,180,182,240,240,143,149,200,203,158,166,187,193,247,255,108,112,172,190
317,28.06.11,js152,X,224,97,117,158,170,236,236,124,124,158,158,182,184,234,240,135,149,194,203,156,156,179,207,251,253,102,108,172,180
318,28.06.11,sa84,X,6,97,99,156,156,236,242,122,122,160,166,182,184,234,234,133,149,194,208,156,158,191,191,241,247,114,116,174,184
319,29.06.11,rh162,X,5,115,117,148,150,236,236,124,124,152,186,178,186,234,240,139,145,194,205,156,160,185,191,247,259,116,118,174,180
320,29.06.11,js154,X,225,117,117,154,162,0,0,116,120,158,158,178,184,234,240,139,147,203,205,156,160,203,211,251,271,110,116,0,0
321,29.06.11,kt26,X,226,111,117,164,170,236,238,110,116,156,158,182,182,240,240,147,151,205,205,156,160,177,201,243,251,108,120,172,178
322,29.06.11,kt32,,64,117,119,156,158,236,238,120,144,152,162,178,182,0,0,143,147,205,208,158,166,203,207,241,255,110,116,178,178
323,29.06.11,kt33,X,227,97,113,150,156,234,234,148,164,158,172,180,188,240,240,133,149,203,211,156,156,189,203,241,249,102,108,172,174
324,29.06.11,kt39,,27,107,117,154,164,236,238,120,178,156,158,182,182,234,240,143,149,203,211,150,154,189,203,241,247,100,110,174,188
325,29.06.11,kt41,X,100,97,99,156,156,234,236,0,0,160,166,182,184,234,240,139,149,194,208,154,158,211,211,241,241,116,116,172,174
326,29.06.11,r96,X,228,117,117,150,170,236,236,120,124,158,158,180,180,234,240,139,139,205,208,164,172,177,183,241,257,110,116,176,178
327,29.06.11,r104,X,229,115,117,148,156,236,236,122,148,156,158,182,184,234,238,139,143,205,211,152,158,189,211,251,253,114,116,174,182
328,29.06.11,sa99,X,230,97,97,150,170,234,238,166,180,156,158,180,182,234,240,147,149,205,205,156,168,203,203,251,253,110,110,178,178
329,29.06.11,sa101,X,231,111,119,160,162,244,246,122,144,154,156,182,184,234,240,139,139,208,211,152,170,195,201,247,257,100,110,172,174
330,29.06.11,jp53,X,232,97,115,154,156,236,244,122,180,160,164,180,180,240,240,143,143,200,200,156,156,189,201,247,257,102,110,176,194
331,29.06.11,jp55,X,233,111,117,154,156,236,244,116,120,156,158,184,188,234,234,143,145,205,205,148,168,185,193,243,253,116,118,172,182
332,29.06.11,jp57,X,234,115,119,154,158,236,238,110,120,152,160,188,188,234,240,139,145,200,205,154,164,183,189,239,247,102,114,172,182
333,29.06.11,jp59,X,235,97,115,156,160,240,246,132,158,156,160,182,184,234,240,125,155,203,208,156,156,187,191,241,259,112,120,172,178
334,29.06.11,lh102,X,236,97,115,154,158,236,244,124,124,158,158,180,182,234,240,133,153,205,211,160,162,177,201,249,253,110,112,172,172
335,29.06.11,lh103,X,1,97,97,152,156,236,238,134,134,156,168,184,188,234,240,143,147,200,211,154,154,183,191,247,251,114,116,172,190
336,29.06.11,sh100,X,237,97,117,148,156,236,238,146,194,156,158,178,182,234,234,135,143,203,208,156,158,185,193,235,247,102,104,172,178
337,29.06.11,sh102,,238,93,97,150,158,234,238,166,166,158,170,184,184,234,240,147,149,200,208,154,164,185,191,241,243,102,118,176,178
338,29.06.11,sh104,X,239,97,115,156,164,236,248,120,120,152,172,182,182,234,234,139,147,200,205,156,158,203,203,235,253,110,116,172,182
339,29.06.11,sh114,X,240,97,117,148,156,238,240,116,116,152,152,184,184,234,234,139,153,203,205,154,154,191,209,241,247,114,120,172,172
340,29.06.11,sh116,X,241,99,119,148,158,234,236,116,122,156,156,182,184,234,234,145,149,203,205,156,156,191,203,253,255,116,118,172,190
341,29.06.11,sh117,,95,107,109,146,158,234,234,120,120,158,158,180,184,234,234,139,149,205,208,152,154,189,193,257,257,100,104,172,176
342,29.06.11,sh118,X,238,93,97,150,158,234,238,166,166,158,170,184,184,234,240,147,149,200,208,154,164,185,191,241,243,102,118,176,178
343,29.06.11,gb77,X,242,97,97,154,156,236,238,124,180,156,158,182,184,240,240,143,143,203,211,156,158,191,193,251,253,100,120,172,172
344,30.06.11,gb84,X,243,97,97,156,158,236,242,120,172,154,156,184,184,234,240,139,151,205,205,154,156,183,193,241,259,104,108,172,178
345,30.06.11,gb85,X,244,97,107,156,156,238,240,120,174,158,160,180,184,240,240,139,147,205,205,154,158,191,191,251,255,116,120,174,182
346,30.06.11,lh107,X,245,97,105,162,164,236,238,120,168,152,156,184,184,240,240,133,147,205,211,150,156,201,203,239,243,102,108,172,180
347,30.06.11,lh110,X,246,107,117,148,154,236,240,116,120,158,158,180,182,238,240,135,139,205,205,152,154,189,201,247,249,100,100,176,176
348,30.06.11,lh111,X,247,93,115,146,156,242,244,116,196,154,170,178,186,234,242,137,143,203,208,154,156,203,203,243,251,102,112,172,180
349,30.06.11,lh115,X,248,107,117,156,158,240,244,116,188,154,156,182,184,238,240,145,153,205,205,154,154,193,201,239,251,110,120,170,184
350,30.06.11,lh118,,53,97,115,154,154,236,238,120,150,158,158,178,180,240,240,133,149,203,205,154,156,191,203,243,247,110,120,172,172
351,30.06.11,lh121,,143,97,97,154,172,234,238,146,150,160,166,184,188,234,240,139,149,205,205,154,158,177,193,239,245,102,120,174,190
352,30.06.11,rh163,X,249,97,97,156,156,238,246,120,188,156,158,180,182,234,240,133,147,203,205,154,156,177,191,251,251,100,116,178,178
353,30.06.11,rh164,,72,97,117,156,158,240,244,156,196,158,160,182,182,234,238,125,147,203,208,154,166,191,195,249,253,114,120,174,174
354,30.06.11,rh165,,184,97,107,156,156,236,236,116,196,156,164,180,182,234,234,139,143,203,208,168,172,177,203,251,255,108,110,178,180
355,30.06.11,rh166,X,250,97,113,156,156,234,244,120,180,158,158,184,184,240,242,139,151,200,203,156,160,189,191,253,259,104,120,174,188
356,30.06.11,rh176,X,251,97,115,156,156,236,242,132,172,154,156,182,192,238,240,147,151,205,208,158,158,189,193,239,251,104,118,172,178
357,30.06.11,rh177,X,252,117,117,156,170,236,238,122,148,158,180,182,182,234,234,145,149,200,203,154,158,177,203,241,253,108,108,174,180
358,30.06.11,rh179,,72,97,117,154,158,240,244,156,196,158,158,182,184,234,238,125,139,200,208,154,166,191,195,249,253,104,120,174,174
359,30.06.11,rh180,,137,97,117,150,158,234,236,110,110,156,158,184,188,234,234,139,139,203,211,154,156,193,209,247,257,110,112,172,178
360,30.06.11,rh184,X,168,97,115,150,154,238,240,172,172,158,164,184,184,240,240,143,149,205,205,154,156,185,193,239,253,102,104,172,178
361,30.06.11,jp68,X,253,93,117,158,158,236,238,110,120,152,158,182,184,240,240,133,149,205,205,154,156,183,211,249,253,104,116,174,174
362,30.06.11,jp72,,137,93,117,150,158,236,238,110,116,156,158,184,184,234,234,139,139,203,211,154,156,193,209,247,257,108,112,172,178
363,30.06.11,r119,,223,97,117,160,160,236,236,110,166,156,160,180,184,0,0,143,149,203,205,158,166,187,193,255,255,108,112,172,190
364,30.06.11,js165,X,254,97,119,156,160,236,236,116,130,158,162,180,184,234,240,139,153,208,211,152,154,211,213,241,251,102,102,172,172
365,30.06.11,js169,X,255,115,117,154,156,236,238,120,124,158,158,182,184,234,234,147,153,205,205,154,160,183,193,247,251,102,118,204,204
366,30.06.11,sh120,X,84,97,117,154,162,234,236,120,124,158,158,182,188,234,240,149,149,205,205,156,156,177,203,245,247,100,110,172,178
367,30.06.11,sh124,,254,97,119,156,170,236,236,116,130,162,162,180,184,234,240,129,153,208,211,152,154,195,211,241,247,100,102,178,178
368,30.06.11,sh140,X,256,97,117,158,160,234,236,122,124,152,152,180,184,234,240,139,139,203,205,150,166,183,203,239,253,100,108,176,200
369,12.07.11,js260,X,257,97,117,150,156,236,236,116,170,156,158,182,184,234,240,129,151,200,205,154,154,185,195,251,253,102,110,174,176
370,20.06.11,rh18,,85,97,115,156,170,236,242,116,122,152,156,180,182,234,240,147,149,203,205,154,168,185,209,239,247,110,110,172,178
371,20.07.11,jp128,,25,97,109,160,174,236,236,122,150,158,176,182,182,234,240,139,149,205,205,154,156,177,193,255,255,116,122,176,184
372,21.07.11,lh302,X,258,93,97,154,156,244,244,146,146,158,176,182,188,234,234,145,151,203,211,154,162,177,203,247,253,110,116,174,178
373,27.06.11,sh85,X,259,97,119,156,170,236,244,110,154,156,158,182,182,234,240,139,153,200,211,156,164,185,211,241,251,102,102,172,186
374,21.07.11,r391,,87,97,117,148,156,236,246,122,122,158,158,182,182,234,234,147,149,203,211,154,156,203,217,245,247,102,120,172,176
375,30.06.11,gb88,,254,117,119,156,170,236,244,116,116,162,162,180,184,234,240,139,153,211,211,152,154,211,213,241,247,102,102,178,178
376,07.07.11,lh183,,137,97,117,156,158,236,238,110,110,156,158,184,184,234,234,139,139,203,211,154,156,193,209,253,257,110,112,172,178
377,30.06.11,rh174,X,260,103,115,148,154,236,236,110,116,152,160,180,182,240,240,125,149,203,205,154,156,185,191,241,255,102,108,172,178
378,11.07.11,r222,X,261,97,97,154,162,236,244,116,180,152,156,184,186,240,240,139,149,203,205,154,156,177,205,239,253,100,104,180,188
379,21.07.11,gb256,X,262,99,107,156,156,238,244,116,116,158,158,178,184,234,240,147,147,205,208,154,154,189,193,243,251,112,118,176,178
380,07.07.11,r205,X,263,97,115,156,170,236,242,116,124,158,158,180,186,234,234,133,137,200,205,154,156,191,213,247,249,100,120,174,190
381,07.07.11,sh203,,118,97,117,156,164,234,244,116,120,160,160,180,182,234,240,143,151,203,203,154,154,177,211,249,253,108,116,172,172
382,01.07.11,sh151,X,264,117,117,154,168,246,246,124,130,154,156,180,186,0,0,139,149,0,0,0,0,0,0,0,0,110,116,0,0
