Count,Date Collected,CEH-ID ,Reduced data,Colony,BL02,BL02,B96,B96,BL03,BL03,BL06,BL06,BL11,BL11,B10,B10,B124,B124,B126,B126,B131,B131,B132,B132,BT10,BT10,BTMS0045,BTMS0045,BT26,BT26,BTMS0125,BTMS0125
1,05.08.11,lh391,X,1,147,151,210,218,126,132,147,149,123,123,171,171,251,255,124,124,126,128,152,152,130,130,221,221,104,110,135,145
2,05.08.11,js311,X,2,149,153,216,218,126,126,145,147,121,125,171,171,245,251,124,130,126,128,150,160,126,136,225,225,102,108,151,155
3,05.08.11,lh389,,3,147,151,210,220,128,132,147,147,123,127,171,171,251,251,124,124,128,134,152,156,118,118,221,231,110,112,145,163
4,22.06.11,js56,,4,147,151,216,220,130,142,147,147,121,121,171,171,245,253,124,124,120,126,146,152,120,142,221,225,104,106,141,163
5,20.06.11,lh2,,5,147,149,214,216,134,150,147,147,119,123,171,171,253,255,124,124,128,128,146,150,118,124,227,235,104,108,151,161
6,20.06.11,lh6,X,6,147,151,216,220,126,128,147,147,121,121,171,179,251,255,124,124,118,120,150,152,130,132,221,237,104,104,151,161
7,20.06.11,lh15,,7,151,151,216,218,130,130,147,147,121,125,171,173,249,251,124,130,124,136,146,152,114,128,221,235,104,108,141,165
8,20.06.11,lh17,,8,147,147,216,216,132,132,147,147,121,121,171,171,245,253,124,124,126,132,154,156,128,128,229,231,104,104,159,163
9,20.06.11,lh18,X,9,147,151,216,218,130,132,147,149,121,123,171,171,245,251,124,124,128,130,150,160,128,130,235,235,104,106,153,163
10,20.06.11,rh2,X,8,147,147,216,218,132,134,147,147,121,121,171,171,245,253,124,124,126,132,154,156,128,130,221,229,104,104,141,159
11,20.06.11,rh4,X,10,151,151,216,216,126,134,147,147,121,121,171,171,253,253,124,124,126,128,150,152,118,124,221,225,104,104,163,173
12,20.06.11,rh6,X,11,147,147,216,220,128,132,147,149,121,121,171,171,245,245,124,124,128,130,150,152,124,124,223,223,104,108,151,151
13,20.06.11,rh15,X,12,147,153,218,220,130,134,147,147,121,121,171,171,253,253,124,126,124,132,152,156,128,130,221,231,104,106,141,151
14,20.06.11,rh16,,13,147,147,216,220,126,142,147,147,121,121,171,171,249,255,124,124,120,124,152,154,130,130,221,221,104,104,145,151
15,20.06.11,rh22,X,14,147,147,216,216,126,134,147,147,121,123,171,171,251,253,124,124,128,132,144,146,130,132,225,225,104,106,153,157
16,20.06.11,rh26,X,15,147,151,214,216,126,132,147,149,121,121,171,171,249,251,126,126,126,126,150,152,126,144,225,225,104,104,157,161
17,20.06.11,rh29,X,16,153,153,216,216,128,130,147,149,121,123,171,173,253,253,124,128,128,130,152,152,128,130,223,225,108,110,141,173
18,20.06.11,mh2,,17,147,153,216,220,126,132,147,147,121,121,171,171,251,253,124,124,120,120,150,152,130,136,221,235,106,108,137,163
19,20.06.11,mh17,,18,153,153,218,220,128,134,145,147,121,123,171,171,251,253,124,130,126,128,154,154,120,144,223,225,104,106,151,151
20,20.06.11,mh20,X,19,151,153,216,218,126,150,147,147,121,125,171,171,245,251,124,128,124,126,146,152,128,132,221,225,104,106,141,155
21,20.06.11,mh21,,20,147,147,216,220,126,134,147,149,121,127,171,171,249,253,124,126,128,132,152,152,130,132,221,225,104,104,153,153
22,20.06.11,kt1,X,21,147,153,210,220,128,130,147,147,121,121,171,171,249,253,124,128,118,128,152,156,118,128,223,237,108,108,151,173
23,20.06.11,kt7,X,22,151,151,216,218,132,136,147,147,121,121,171,171,249,253,128,130,128,132,146,152,122,122,221,235,102,104,145,151
24,20.06.11,kt12,X,23,147,153,210,220,130,132,147,147,121,121,171,171,251,253,124,124,128,134,152,152,124,132,227,229,106,106,155,161
25,20.06.11,kt13,X,24,147,149,216,216,126,128,147,147,121,125,171,171,253,255,124,126,126,130,146,150,124,128,221,235,108,110,151,159
26,20.06.11,sh2,X,25,149,153,218,218,128,132,147,149,121,123,171,171,251,255,124,128,126,128,152,152,122,130,225,229,108,108,161,177
27,20.06.11,sh14,,26,147,147,220,220,130,156,145,147,121,125,171,171,253,255,124,124,128,128,154,154,118,130,221,221,102,112,149,167
28,20.06.11,sh16,,5,147,149,210,216,134,150,147,147,119,123,171,171,249,253,124,124,128,132,146,146,118,146,221,235,104,104,151,161
29,20.06.11,sh31,X,27,147,147,218,218,126,126,147,147,121,121,171,171,245,249,124,124,128,134,146,168,126,130,221,221,104,106,139,157
30,20.06.11,sh32,,28,151,153,214,220,126,126,147,147,121,121,171,171,245,251,124,124,126,128,150,152,118,128,221,231,108,108,141,151
31,20.06.11,sh34,X,29,147,147,216,218,128,130,147,149,121,123,171,173,249,251,124,124,128,132,146,152,130,132,221,227,104,104,133,151
32,20.06.11,sh35,X,30,151,151,216,216,132,132,147,149,121,123,171,171,253,253,128,130,128,128,150,150,126,130,223,231,104,104,161,177
33,20.06.11,sh40,X,3,151,151,210,216,128,132,147,147,125,127,171,171,251,251,124,124,128,134,152,156,118,118,223,231,104,110,151,163
34,21.06.11,lh33,X,31,147,147,218,220,128,130,147,147,123,123,171,171,251,253,124,124,120,128,152,158,130,130,223,235,104,104,151,155
35,21.06.11,lh34,X,32,147,149,216,220,128,132,147,149,121,123,171,171,253,255,124,124,132,134,152,164,118,132,221,237,102,104,147,163
36,21.06.11,rm8,X,33,147,153,216,218,134,152,147,147,123,123,171,171,245,251,124,124,126,126,152,156,130,132,223,235,102,106,163,163
37,21.06.11,rm15,,34,147,151,216,218,126,128,147,149,121,121,171,171,245,251,124,124,128,128,150,154,118,150,225,225,104,110,145,153
38,21.06.11,rh35,,9,147,153,210,216,130,132,147,149,121,123,171,171,245,255,124,124,128,130,150,150,128,130,221,235,100,100,153,163
39,21.06.11,rh36,X,35,147,147,214,220,130,132,147,147,121,121,171,171,249,249,124,126,124,126,152,156,114,118,231,239,104,108,155,177
40,21.06.11,rh39,,36,147,153,216,218,130,134,147,147,121,123,171,171,249,249,124,128,126,126,152,152,118,118,215,221,104,108,167,171
41,21.06.11,rh46,,37,147,153,218,218,126,132,147,147,121,121,171,171,249,251,124,124,126,132,156,158,124,130,231,235,104,106,153,169
42,21.06.11,rh48,,38,147,151,218,220,126,126,147,147,121,123,171,171,251,253,124,126,130,136,152,152,124,130,221,221,104,108,163,165
43,21.06.11,rh52,X,39,147,151,218,222,132,132,147,149,121,123,171,171,249,255,124,128,128,138,156,158,120,128,221,231,106,106,145,145
44,21.06.11,js3,,9,147,153,210,216,130,132,147,149,121,123,171,171,245,251,124,124,128,128,150,160,128,130,221,235,104,104,163,163
45,21.06.11,js7,,40,149,151,216,220,128,130,147,147,121,121,171,171,251,255,124,124,128,128,152,152,118,124,221,235,104,104,139,145
46,21.06.11,js8,,34,147,151,214,218,126,128,147,149,121,121,171,171,251,251,124,124,128,128,150,154,118,142,221,225,108,110,145,153
47,21.06.11,js16,,41,147,153,216,218,126,132,147,147,121,127,171,171,249,249,124,124,124,132,154,156,128,130,231,231,104,108,141,177
48,21.06.11,js21,X,42,151,153,220,220,128,128,147,147,123,123,171,171,249,251,124,124,128,128,152,154,126,132,221,235,104,110,141,151
49,21.06.11,js29,X,43,151,151,216,222,128,130,147,147,123,127,171,171,253,253,124,124,128,128,154,156,126,132,221,221,106,106,161,161
50,21.06.11,js35,X,44,147,153,218,218,132,132,147,149,119,123,171,173,251,253,124,124,126,128,152,154,124,144,221,235,104,104,133,157
51,21.06.11,gb2,,5,147,153,214,216,126,134,147,147,119,121,171,171,249,253,124,124,128,128,146,150,118,146,227,235,104,104,151,161
52,21.06.11,gb4,X,45,147,151,210,220,132,132,147,147,121,121,171,171,245,245,124,128,120,128,152,156,126,132,221,229,104,108,143,151
53,21.06.11,gb8,,46,147,151,214,216,128,132,147,149,121,121,171,171,249,251,124,124,124,126,150,152,118,124,231,235,104,104,141,155
54,21.06.11,gb22,X,47,147,151,216,222,126,132,145,147,121,121,171,173,251,251,124,130,126,126,150,154,118,120,221,221,106,106,163,163
55,21.06.11,gb23,,48,147,151,216,220,138,144,147,147,119,121,171,171,255,255,124,124,118,126,152,160,120,128,231,237,104,104,151,151
56,21.06.11,sh46,,49,147,153,216,218,128,130,147,147,121,123,171,171,249,255,124,124,126,126,150,154,122,130,221,235,104,106,153,153
57,21.06.11,sh52,,50,147,151,216,232,128,132,145,147,121,121,171,171,249,255,124,126,128,128,152,154,118,120,221,221,104,104,157,159
58,21.06.11,sa20,X,7,151,153,216,218,128,130,147,147,121,125,171,171,249,251,124,124,124,128,152,160,114,128,221,235,104,108,141,163
59,21.06.11,jp20,,51,147,147,216,228,126,126,147,147,121,121,171,171,249,249,124,124,126,128,152,152,124,128,221,237,104,108,151,159
60,21.06.11,kt20,X,52,147,153,216,220,130,132,147,147,121,123,171,171,251,255,126,126,132,132,150,152,118,136,221,231,104,110,151,163
61,21.06.11,kt23,X,53,147,149,218,224,128,132,147,149,121,123,171,171,253,255,124,126,128,132,146,154,128,142,223,225,106,110,155,157
62,21.06.11,kt24,X,34,147,151,214,218,126,128,147,149,121,125,171,171,251,251,124,130,128,128,150,154,118,150,221,225,108,110,145,153
63,21.06.11,kt25,,42,151,153,220,220,128,128,147,147,123,123,171,171,249,251,124,124,128,128,152,154,126,132,221,221,104,110,151,181
64,22.06.11,lh44,X,54,147,153,216,222,128,142,147,147,121,123,171,171,245,251,124,128,132,134,152,154,116,118,221,235,102,108,171,177
65,22.06.11,lh50,X,55,147,153,216,218,128,128,147,149,121,121,171,171,249,253,124,124,124,126,144,152,118,126,221,225,104,104,159,171
66,22.06.11,rm38,X,56,147,151,210,218,128,132,147,147,121,123,171,171,249,251,124,126,130,130,150,152,120,142,237,237,102,108,151,153
67,22.06.11,rh66,X,57,147,153,216,216,128,128,147,147,123,123,171,171,245,251,124,126,128,128,146,150,128,130,221,225,108,112,151,151
68,22.06.11,rh75,X,58,151,151,210,214,128,132,147,147,119,123,171,171,249,251,124,124,128,132,146,150,130,130,221,235,104,108,139,153
69,22.06.11,rh76,X,59,147,149,218,218,134,144,147,147,121,121,171,171,251,251,126,126,124,124,152,170,124,128,213,221,104,104,163,171
70,22.06.11,rh79,X,60,147,147,216,220,126,132,147,147,119,121,171,171,251,253,124,124,128,132,146,146,114,130,225,235,102,104,135,157
71,22.06.11,rh86,X,61,147,153,216,220,132,138,147,147,121,121,171,171,249,251,124,124,128,128,150,152,128,130,221,229,104,108,151,151
72,22.06.11,js67,X,62,147,151,216,216,126,132,147,149,123,125,171,171,249,251,124,124,126,132,154,158,120,124,221,233,104,106,151,183
73,22.06.11,gb34,X,63,147,151,218,220,128,130,147,147,121,123,171,171,245,253,124,124,124,128,146,150,124,128,221,231,104,106,151,163
74,22.06.11,gb45,,64,147,147,216,218,130,132,147,147,121,125,171,171,249,251,124,126,124,142,146,152,124,134,221,225,104,104,151,159
75,22.06.11,sh59,,65,147,153,216,220,130,130,147,147,121,121,171,171,251,251,124,124,126,128,146,154,136,138,223,227,104,106,163,163
76,22.06.11,sa3,,36,147,153,216,220,128,134,147,147,121,125,171,171,249,249,124,128,126,126,152,152,118,128,215,221,104,108,147,167
77,22.06.11,sa5,X,66,151,153,216,222,132,152,147,147,123,123,171,171,251,253,124,126,118,128,150,156,130,130,221,239,102,112,175,189
78,22.06.11,sa20a,X,67,147,153,216,220,130,132,147,147,123,123,171,171,251,255,124,124,118,128,152,160,124,128,221,225,104,108,137,151
79,23.06.11,lh58,X,68,147,147,216,218,128,128,147,147,121,121,171,171,249,253,124,126,118,134,152,154,118,144,221,225,104,104,159,163
80,23.06.11,lh61,X,69,147,153,216,220,126,130,147,147,121,127,171,171,251,253,124,124,128,134,152,154,124,136,223,225,104,104,163,175
81,23.06.11,lh69,,70,147,147,216,220,126,132,147,149,121,121,171,171,251,255,124,128,124,132,146,146,120,124,231,235,104,108,163,169
82,23.06.11,lh71,,71,151,153,220,220,126,146,147,147,123,127,171,171,245,251,124,124,120,128,152,156,126,130,221,237,104,106,145,171
83,23.06.11,lh72,,72,147,153,216,218,128,146,147,147,121,129,171,171,251,253,124,128,124,134,146,156,128,130,221,225,104,108,163,163
84,23.06.11,lh75,X,73,147,151,220,220,126,130,147,149,121,127,171,171,249,255,124,124,126,128,150,152,132,142,221,237,104,108,153,163
85,23.06.11,lh78,X,74,147,153,210,216,132,132,147,147,121,123,171,171,251,251,124,128,132,132,152,154,134,134,221,221,102,104,139,165
86,23.06.11,rh91,X,75,147,149,216,216,130,132,147,149,121,123,171,171,245,251,124,128,126,130,150,156,116,144,221,235,104,110,139,151
87,23.06.11,rh92,X,76,147,151,216,226,132,134,147,147,121,123,171,171,249,251,124,124,128,132,152,154,128,136,221,227,104,104,159,173
88,23.06.11,rh98,X,77,147,151,216,218,126,130,147,147,121,121,171,171,251,253,124,130,124,128,146,152,124,128,221,221,106,106,145,149
89,23.06.11,rh102,X,78,147,151,216,220,126,130,147,147,121,121,171,171,245,245,124,124,126,132,144,150,134,150,221,225,104,106,157,163
90,23.06.11,rh107,,5,147,153,214,216,126,134,147,147,119,121,171,171,249,253,124,124,128,132,146,146,118,124,227,235,104,104,151,161
91,23.06.11,rh110,X,46,147,151,214,216,128,132,147,149,121,121,171,171,249,251,124,124,118,126,152,156,118,124,231,235,104,110,155,163
92,23.06.11,rh113,X,79,147,153,210,220,128,132,147,147,121,123,171,171,253,253,126,126,126,132,154,156,130,136,221,225,106,110,147,167
93,23.06.11,rh115,,80,147,153,216,216,130,132,147,147,121,123,171,171,251,253,126,130,120,126,150,152,122,128,231,235,104,104,141,151
94,23.06.11,rh116,,16,153,153,216,216,128,130,147,149,121,123,171,173,253,253,124,124,128,130,152,152,128,130,223,225,108,110,141,163
95,23.06.11,js76,X,81,151,151,210,216,126,132,147,147,121,123,171,171,249,251,124,124,130,130,150,154,122,130,221,225,104,106,155,155
96,23.06.11,js87,X,82,147,151,210,210,128,130,147,149,121,123,171,171,249,253,124,128,128,128,150,168,118,124,221,229,104,106,155,157
97,23.06.11,js88,X,83,147,153,218,220,130,132,147,147,123,127,171,171,249,253,124,124,126,132,152,160,130,136,237,237,104,104,157,169
98,23.06.11,js90,X,84,147,149,216,216,128,132,147,149,123,123,171,171,251,251,124,124,132,132,150,152,116,130,225,227,104,110,163,165
99,23.06.11,js93,,85,149,149,216,220,130,132,147,147,121,121,171,171,245,253,124,124,120,128,158,174,124,128,223,223,104,104,139,143
100,23.06.11,js94,,86,147,147,216,220,128,132,147,149,119,123,171,173,249,253,124,126,126,128,150,152,116,118,225,225,104,106,137,159
101,23.06.11,js97,X,87,153,153,216,222,126,130,145,147,121,123,171,171,251,253,124,124,124,132,146,158,136,136,221,235,104,106,151,175
102,23.06.11,js98,,88,151,153,220,220,128,130,147,147,121,121,171,171,245,251,128,128,128,128,152,152,118,128,225,231,104,108,155,173
103,23.06.11,js100,X,89,147,147,216,220,130,130,147,149,119,121,171,171,249,251,124,124,126,134,152,154,128,128,221,225,104,106,141,173
104,23.06.11,js104,,88,153,153,220,220,128,130,147,149,121,121,171,171,245,251,128,128,128,128,152,152,118,128,225,231,104,108,155,173
105,23.06.11,js107,,90,147,151,220,220,128,130,147,147,121,125,171,171,245,245,124,130,124,132,152,152,126,126,221,225,104,108,143,159
106,23.06.11,js108,,91,149,151,216,220,126,140,147,147,121,121,171,171,255,265,124,124,124,128,152,170,126,130,221,221,104,106,149,161
107,23.06.11,r52,X,92,147,151,216,220,130,146,147,147,123,127,171,171,245,251,124,124,124,136,152,156,126,130,221,221,104,104,137,169
108,23.06.11,r60,,16,147,153,216,216,128,130,147,147,121,123,171,173,253,253,124,124,128,130,152,152,128,130,223,225,108,110,141,163
109,23.06.11,r61,X,17,147,153,218,220,130,132,147,147,121,121,171,171,249,253,124,124,120,120,150,152,130,136,221,235,104,106,137,163
110,23.06.11,r65,X,93,147,147,220,220,132,136,147,147,121,123,171,171,251,253,124,130,126,128,146,152,128,130,221,221,104,106,151,157
111,23.06.11,jp24,X,86,147,147,216,220,128,132,147,149,123,125,171,171,249,253,124,126,118,128,150,150,116,130,223,225,104,106,147,159
112,23.06.11,jp25,X,94,151,151,218,222,132,132,147,147,123,125,171,171,245,249,124,124,124,130,150,152,128,134,225,235,104,106,151,167
113,23.06.11,jp34,,20,147,147,216,220,126,134,147,149,121,127,171,171,249,253,124,126,126,128,152,152,130,132,221,225,104,104,153,153
114,23.06.11,sa33,X,95,147,147,216,220,128,146,147,147,123,123,171,171,251,257,124,124,128,128,146,152,114,118,223,225,104,106,157,159
115,23.06.11,sa37,X,96,151,153,220,220,128,130,147,147,123,125,171,171,251,251,124,124,134,138,146,160,118,142,225,225,104,104,139,151
116,23.06.11,sa40,X,97,149,151,220,220,128,130,147,147,121,123,171,171,251,253,124,126,118,146,152,158,128,128,223,223,102,104,147,161
117,23.06.11,sa49,X,98,147,147,218,220,128,130,147,147,121,123,171,171,245,251,124,124,122,126,158,158,132,132,221,221,106,108,145,155
118,23.06.11,sa63,X,99,147,151,216,216,126,140,147,147,119,121,171,171,253,255,124,124,126,128,154,154,126,128,225,231,104,106,153,163
119,24.06.11,r73,X,100,147,151,218,220,132,144,147,149,121,125,171,171,245,249,124,128,130,140,146,156,136,152,221,223,104,104,139,163
120,24.06.11,r74,X,101,147,151,220,222,126,150,147,147,121,127,171,171,251,253,124,124,128,128,152,156,124,126,221,225,106,112,139,151
121,24.06.11,r80,X,64,147,147,216,218,130,132,147,147,121,125,171,171,249,251,124,126,132,142,146,152,134,146,221,225,104,104,159,163
122,24.06.11,rh120,X,51,147,147,216,216,126,132,147,147,121,121,171,171,249,249,124,124,126,128,152,152,128,136,221,237,104,104,159,159
123,24.06.11,rh126,X,102,153,153,216,220,130,132,149,149,121,123,171,173,253,253,124,124,124,128,152,156,130,132,221,231,104,104,141,159
124,24.06.11,rh136,X,103,147,153,216,220,128,130,147,149,123,125,171,173,245,253,124,124,124,124,160,160,118,150,223,225,104,108,151,157
125,24.06.11,gb55,X,104,147,147,216,216,130,130,147,147,121,125,171,171,249,251,124,130,126,136,150,152,126,134,221,225,104,106,151,157
126,24.06.11,gb60,,105,147,151,216,220,138,156,147,149,119,123,171,171,253,253,124,124,118,124,150,158,128,128,231,235,104,106,163,169
127,24.06.11,gb64,,106,149,151,210,220,126,130,147,147,121,121,171,171,249,253,124,124,126,138,150,156,114,126,225,225,106,108,139,151
128,24.06.11,sh66,X,107,147,147,216,218,126,132,147,147,121,123,171,171,251,251,124,128,130,134,152,152,120,120,221,235,104,104,151,169
129,24.06.11,sh72,X,108,151,153,210,220,126,132,147,149,121,121,171,171,251,251,124,130,128,128,146,150,116,120,221,225,104,104,151,161
130,24.06.11,sh73,,64,147,147,216,218,130,132,147,147,121,125,171,171,251,253,124,126,132,142,146,152,134,146,221,225,104,106,159,163
131,24.06.11,sh75,X,109,147,153,216,230,128,138,147,149,123,127,171,171,245,253,124,126,130,132,152,170,128,130,223,235,104,108,155,171
132,24.06.11,sh80,X,105,147,151,220,220,132,156,147,149,119,123,171,171,253,253,124,124,118,132,150,152,118,128,231,235,104,106,163,169
133,24.06.11,sa73,,34,147,151,216,218,126,130,147,149,121,125,171,171,251,251,124,124,126,128,150,156,118,150,221,225,104,110,145,153
134,24.06.11,sa74,,110,151,153,216,226,128,130,147,147,123,123,171,171,251,255,124,124,124,134,150,158,116,124,223,237,102,104,0,0
135,24.06.11,sa76,X,36,147,153,216,220,130,134,147,147,121,125,171,171,249,249,124,128,126,132,152,154,118,128,215,221,104,108,167,171
136,24.06.11,jp47,,111,147,151,210,218,126,130,147,147,123,125,171,171,249,253,0,0,126,126,146,158,128,128,221,233,102,106,145,149
137,24.06.11,jp48,,112,147,149,216,216,130,132,147,147,121,123,171,171,249,259,124,124,124,128,0,0,118,122,221,235,104,104,155,163
138,24.06.11,jp51,,113,147,151,220,220,128,134,147,147,121,123,171,173,245,249,124,124,128,132,150,150,114,118,225,225,104,108,135,141
139,24.06.11,jp52,X,110,147,153,210,226,128,130,147,147,121,123,171,173,251,255,124,128,128,134,146,158,116,124,227,237,102,104,157,157
140,27.06.11,rh137p,X,114,147,147,210,216,130,132,147,147,121,121,171,171,251,253,124,124,132,136,152,158,124,142,221,235,110,112,163,175
141,27.06.11,rh138p,X,115,149,149,210,220,126,128,147,147,121,121,171,179,249,251,124,124,128,128,150,150,124,128,227,231,104,104,139,163
142,27.06.11,rh139,X,116,147,153,218,220,128,130,147,147,123,127,171,171,245,249,124,128,128,128,152,154,124,124,221,221,106,106,145,151
143,27.06.11,rh141,X,117,147,151,220,220,128,132,147,149,123,123,171,171,245,245,124,124,126,140,150,152,128,132,221,221,104,104,143,157
144,27.06.11,rh142,,24,147,153,216,220,126,128,147,147,121,125,171,171,251,253,124,130,126,126,146,152,128,130,231,235,108,110,151,159
145,27.06.11,r88,,41,147,147,216,218,132,134,147,147,121,127,171,171,249,249,124,124,124,128,154,154,128,130,231,231,104,108,141,177
146,27.06.11,mh46,X,118,147,153,216,220,128,130,147,147,121,123,171,171,251,251,124,124,120,128,144,150,130,130,221,223,104,104,139,147
147,27.06.11,mh47,X,119,147,153,216,222,130,132,147,147,121,125,171,171,253,253,124,130,126,128,152,152,124,130,221,225,104,106,137,145
148,27.06.11,mh50,X,120,147,151,218,220,132,134,147,147,123,127,171,171,253,253,124,130,124,128,154,154,128,136,231,231,104,108,177,187
149,27.06.11,mh51,X,121,147,151,216,216,132,142,147,147,123,123,171,173,251,251,124,124,126,126,152,154,130,132,221,225,102,104,153,171
150,27.06.11,mh54,,122,151,153,216,216,126,146,145,147,123,129,171,171,251,253,124,124,124,128,152,156,126,130,225,235,102,104,137,145
151,27.06.11,js136,X,123,149,153,218,222,130,132,147,147,121,121,171,171,249,255,124,128,128,132,146,158,130,152,221,225,104,110,139,143
152,27.06.11,js137,X,124,147,151,216,216,130,132,147,149,121,121,171,171,253,255,124,130,128,134,152,154,114,130,221,223,0,0,155,161
153,27.06.11,js138,X,125,153,153,218,222,124,132,145,149,121,123,171,173,251,255,124,124,128,132,152,154,124,128,221,225,104,104,131,155
154,27.06.11,js140,X,126,153,153,216,222,128,134,147,147,121,123,171,171,251,253,124,128,126,128,154,156,122,136,225,239,102,106,151,175
155,28.06.11,rh155,X,127,147,151,214,220,126,146,145,147,121,121,171,171,251,251,124,124,124,128,152,152,124,128,223,227,104,108,133,151
156,28.06.11,gb65,X,128,147,153,216,220,128,142,147,147,123,123,171,171,253,255,124,124,126,132,152,154,116,118,225,235,102,108,155,157
157,28.06.11,gb66,,129,149,153,216,222,126,128,147,147,123,129,171,173,251,253,124,124,128,128,144,150,118,128,225,231,102,104,141,193
158,28.06.11,gb67,X,130,151,153,216,222,128,128,147,149,121,123,171,175,251,253,124,130,128,136,152,152,130,142,225,229,104,104,149,169
159,28.06.11,js148,X,131,151,153,216,220,130,136,147,147,121,123,171,171,249,253,126,128,128,128,152,154,130,132,221,237,104,108,153,167
160,28.06.11,sa85,,132,151,153,216,220,128,128,147,149,121,123,171,171,251,253,124,126,124,128,152,156,128,128,221,225,104,108,161,163
161,28.06.11,sa86,,133,147,151,216,216,132,132,147,147,123,125,171,173,249,251,124,126,118,126,150,152,124,130,221,225,104,108,147,171
162,28.06.11,sa87,X,134,147,151,216,220,126,132,147,147,121,121,171,171,249,249,124,128,126,132,152,152,118,118,229,235,104,104,135,141
163,28.06.11,sa88,,135,147,151,216,218,126,132,147,147,121,125,171,171,249,249,124,124,126,128,152,152,118,130,221,225,104,110,139,147
164,28.06.11,sh86,X,136,153,153,216,222,128,132,147,149,123,123,171,173,251,251,124,126,128,130,150,152,116,128,221,225,110,110,147,155
165,28.06.11,sh88,,136,153,153,220,222,128,128,147,149,123,123,171,173,251,253,124,124,126,128,150,152,128,130,221,225,104,110,143,155
166,28.06.11,sh89,,137,147,147,218,228,126,132,147,147,121,123,171,171,249,249,124,124,128,130,152,156,124,126,221,225,104,112,161,167
167,28.06.11,sh90,,138,147,147,218,222,132,142,147,149,123,123,171,173,251,251,124,128,128,128,150,152,118,132,225,225,102,104,155,163
168,28.06.11,sh91,X,113,147,151,220,222,134,142,147,147,123,123,171,173,245,251,124,124,128,132,150,150,114,132,225,225,102,108,135,193
169,28.06.11,sh94,X,137,147,153,216,218,126,128,147,147,121,125,171,171,249,255,124,126,128,130,152,156,124,126,221,225,104,112,151,167
170,29.06.11,rh156,X,139,147,147,218,222,128,144,147,149,121,121,171,171,245,253,124,124,124,134,152,162,130,144,221,229,104,106,135,161
171,29.06.11,js153,X,140,147,153,210,210,128,128,147,147,121,123,171,171,249,251,124,124,124,134,156,158,128,150,221,229,102,108,135,153
172,29.06.11,js156,,35,147,153,214,220,130,132,147,147,121,121,171,171,249,255,124,126,124,126,152,156,114,118,231,231,102,104,153,155
173,29.06.11,r105,X,141,153,153,218,218,128,140,147,147,121,121,171,171,249,251,124,126,124,134,146,150,118,130,215,221,104,108,145,171
174,29.06.11,r106,X,142,147,147,220,222,128,138,147,147,123,123,171,173,249,251,124,124,126,128,150,152,128,132,225,225,110,110,163,193
175,29.06.11,sa89,X,143,151,153,216,216,130,136,147,147,123,123,171,171,251,253,124,126,128,142,152,152,118,124,225,225,104,106,147,151
176,29.06.11,sa90,,144,151,153,216,220,124,140,147,149,119,127,171,171,249,251,124,126,128,128,146,152,128,142,221,231,104,104,149,151
177,29.06.11,sa96,,145,147,153,216,220,132,132,147,147,121,129,171,171,245,255,124,128,126,132,152,152,118,122,221,223,104,106,163,173
178,29.06.11,sa100,X,144,151,153,216,220,124,140,147,149,119,121,171,171,249,251,124,130,128,128,146,152,124,128,221,221,104,104,149,151
179,29.06.11,lh95,X,146,147,149,216,220,128,152,145,147,121,127,171,171,249,253,124,124,128,128,144,168,118,130,221,223,102,106,157,171
180,29.06.11,lh101,X,147,147,151,220,222,132,132,147,147,123,123,171,171,251,253,124,124,124,132,146,156,130,134,221,223,104,104,155,163
181,29.06.11,gb81,X,49,147,153,216,220,128,130,147,147,121,123,171,171,249,255,124,126,118,126,150,154,122,130,225,235,104,106,153,153
182,30.06.11,gb90,X,149,147,151,216,216,128,132,147,147,121,125,171,171,245,253,124,124,128,128,146,150,126,134,221,225,104,104,163,163
183,30.06.11,rh173,X,150,151,153,218,230,128,132,145,147,121,121,171,171,249,251,124,124,124,130,152,152,122,124,231,235,104,104,149,155
184,30.06.11,r110,,151,147,153,214,216,128,128,147,147,119,121,171,171,249,255,124,126,126,128,146,152,124,130,227,229,106,108,163,175
185,30.06.11,r120,,120,147,147,216,218,128,132,147,147,123,127,171,171,253,253,124,130,124,128,154,154,128,136,231,231,104,108,177,187
186,30.06.11,r121,,152,147,151,218,222,130,132,147,147,121,123,171,171,251,253,124,124,126,128,146,164,118,124,221,235,104,106,139,163
187,30.06.11,r123,,153,147,151,216,216,126,132,145,147,121,123,171,171,249,249,124,126,132,140,146,150,130,132,221,225,104,110,141,173
188,30.06.11,r127,,154,147,153,216,218,128,130,147,149,121,121,171,173,253,255,126,130,132,136,158,160,122,124,221,221,100,104,151,163
189,30.06.11,r131,X,155,151,151,216,220,126,132,147,147,119,123,171,171,245,255,124,126,124,130,146,152,116,128,223,229,104,106,155,161
190,30.06.11,js164,X,156,151,153,216,216,130,152,147,147,121,125,171,171,251,251,124,124,124,126,152,152,126,130,221,227,104,110,145,157
191,30.06.11,js168,X,157,149,151,216,218,126,146,145,147,121,121,171,171,249,251,128,130,126,128,146,160,120,120,225,229,104,106,155,161
192,30.06.11,sh128,X,151,147,153,214,216,128,130,147,147,119,121,171,171,249,255,124,126,128,130,146,152,130,130,229,237,106,108,163,175
193,30.06.11,sh129,X,158,151,153,216,218,126,132,147,149,123,127,171,171,253,253,124,124,134,134,150,152,130,134,229,231,104,104,131,163
194,30.06.11,sh131,X,159,153,153,216,220,130,130,147,147,123,127,171,171,245,253,124,128,118,132,152,156,122,136,0,0,104,106,147,155
195,30.06.11,sh132,,28,147,153,218,220,126,126,147,147,121,121,171,171,245,251,124,124,124,128,150,154,118,128,221,221,108,108,151,177
196,01.07.11,lh127,X,160,151,153,216,218,132,134,147,147,121,123,171,171,251,251,124,128,128,132,150,160,130,132,221,225,106,108,133,157
197,01.07.11,lh128,X,161,147,153,216,220,132,140,147,149,123,127,171,171,249,251,124,126,128,132,150,160,120,128,217,233,102,104,147,151
198,01.07.11,lh135,X,162,147,147,216,216,126,136,147,147,121,121,171,171,251,255,124,126,128,132,152,152,130,130,225,235,106,108,153,159
199,01.07.11,rh187,X,163,147,153,216,216,130,132,147,147,121,123,171,171,245,251,124,124,128,134,150,152,118,142,223,225,106,108,155,183
200,01.07.11,rh188,X,165,147,151,216,216,128,132,147,147,121,121,171,171,245,251,124,130,120,128,152,152,118,122,221,221,104,106,153,163
201,01.07.11,rh190,X,166,147,149,218,226,132,132,147,147,123,123,171,171,251,253,124,124,124,132,150,156,128,150,221,229,102,108,153,163
202,01.07.11,rh193,X,167,147,149,218,220,134,138,145,147,123,123,171,171,251,251,124,126,128,132,146,150,134,136,221,235,104,108,139,167
203,01.07.11,rh194,,168,147,153,216,220,130,130,147,147,121,129,171,171,249,251,124,126,132,134,154,164,128,134,221,225,104,108,139,151
204,01.07.11,js173,X,169,147,151,216,216,132,132,147,147,121,121,171,171,249,253,124,128,124,126,150,160,124,130,221,225,102,104,153,175
205,01.07.11,js176,,53,147,149,218,220,128,130,147,149,121,123,171,171,253,255,124,126,128,132,154,154,128,142,223,225,104,110,155,157
206,01.07.11,js178,X,170,147,147,216,216,128,132,147,147,121,123,171,171,251,251,124,124,124,130,150,164,120,130,217,223,106,108,165,165
207,01.07.11,js180,X,171,151,153,220,230,130,130,147,147,121,121,171,171,245,253,124,126,134,136,152,154,118,134,221,221,104,108,147,159
208,01.07.11,js183,X,172,151,153,218,220,126,156,147,147,119,123,171,171,251,253,128,130,126,128,146,146,124,130,213,225,104,106,151,159
209,01.07.11,sh156,X,173,149,151,216,216,132,132,147,147,121,121,171,171,251,251,124,124,128,128,152,152,134,156,225,235,106,108,155,163
210,01.07.11,gb93,X,174,147,151,218,218,132,140,147,147,121,125,171,171,251,253,124,130,128,132,152,166,122,128,225,225,104,108,0,0
211,04.07.11,lh139,X,175,147,153,216,222,134,138,147,147,121,121,171,171,251,253,124,128,124,128,146,152,118,122,225,225,104,110,135,159
212,04.07.11,lh143,,176,147,153,216,218,128,130,147,149,123,125,171,171,251,255,124,124,120,128,150,152,124,130,225,225,104,110,141,145
213,04.07.11,lh144,X,177,147,149,216,220,128,132,147,147,121,123,171,175,249,255,124,124,128,134,152,152,120,128,221,223,104,104,139,141
214,04.07.11,gb102,,178,147,151,214,218,124,132,147,147,121,121,171,173,245,249,124,126,128,134,152,152,114,130,225,237,104,104,0,0
215,04.07.11,r136,X,179,147,153,216,216,128,132,147,147,121,127,171,171,245,249,124,126,128,128,154,158,118,124,221,225,102,110,155,161
216,04.07.11,r137,X,180,147,151,214,216,132,146,147,149,123,125,171,171,251,251,124,124,126,132,146,146,122,136,221,237,104,106,155,163
217,04.07.11,r139,X,153,147,151,216,216,126,130,145,147,121,123,171,171,247,249,124,126,132,140,146,150,130,132,221,229,104,110,141,173
218,04.07.11,r140,X,181,147,153,220,224,128,130,147,147,121,121,171,171,245,249,124,124,124,126,152,154,130,130,225,229,104,104,153,157
219,04.07.11,js187,X,182,147,153,216,216,128,136,147,147,121,121,171,173,251,251,124,124,128,134,152,154,124,138,221,229,104,106,147,169
220,04.07.11,jp76,X,183,147,153,216,218,130,132,147,149,123,123,171,171,253,255,128,128,128,128,146,146,124,138,231,237,104,106,151,159
221,04.07.11,jp77,X,178,147,147,214,218,124,132,145,147,121,121,171,173,245,249,124,126,128,134,152,152,114,130,225,237,104,110,151,153
222,04.07.11,jp79,,178,147,147,214,218,126,132,145,147,121,123,171,173,245,249,124,126,128,134,152,152,114,130,225,237,104,110,0,0
223,04.07.11,jp80,X,184,149,153,222,224,128,130,145,149,123,125,171,171,251,253,124,124,126,128,152,156,136,144,221,225,104,104,151,161
224,04.07.11,jp81,X,185,153,153,216,218,130,132,147,147,121,125,171,171,253,253,124,124,124,126,146,152,130,144,225,225,104,106,137,147
225,04.07.11,jp82,X,186,151,151,216,220,126,130,147,147,121,125,171,171,251,253,124,128,128,142,152,154,122,128,235,235,104,106,141,141
226,04.07.11,jp85,,187,147,151,216,216,130,132,147,147,123,123,171,171,247,251,124,124,132,134,152,152,130,130,221,235,106,106,149,177
227,04.07.11,rh206,X,188,147,153,216,220,138,144,145,147,121,123,171,171,245,249,124,128,126,128,152,152,122,134,225,235,104,106,141,163
228,04.07.11,rh208,,185,153,153,218,224,130,132,147,147,121,125,171,171,253,253,124,124,124,126,146,152,130,144,225,225,104,106,147,151
229,04.07.11,sh160,X,189,147,153,216,220,126,132,147,147,121,121,171,171,255,255,124,124,128,130,144,152,130,130,221,225,104,112,145,151
230,04.07.11,sh161,X,190,153,153,216,220,128,132,147,147,121,123,171,171,249,251,124,124,128,128,150,152,122,122,221,221,104,110,141,163
231,04.07.11,sh166,X,91,149,153,216,220,132,140,147,147,121,123,171,171,251,265,124,124,128,130,150,152,126,130,221,235,104,104,153,161
232,04.07.11,sh171,X,191,147,149,216,220,130,146,145,147,123,123,171,171,245,249,124,124,126,128,152,152,124,130,221,225,104,104,151,163
233,05.07.11,r150,X,132,151,153,216,220,128,134,147,149,121,123,171,171,251,253,124,126,128,132,152,156,128,128,221,225,104,104,161,163
234,05.07.11,r151,,48,151,151,216,220,138,144,147,147,119,123,171,171,255,255,124,124,118,126,152,160,118,120,229,237,104,104,151,163
235,05.07.11,r157,X,192,147,147,216,218,126,132,147,147,121,123,171,171,251,251,124,124,128,128,152,154,126,126,229,229,104,104,157,167
236,05.07.11,r159,X,193,147,147,218,220,126,132,147,147,121,125,171,171,253,253,124,124,126,128,146,154,130,134,221,231,104,108,157,161
237,05.07.11,r166,,194,147,147,216,220,126,132,147,149,123,127,171,171,245,251,124,124,126,140,154,160,124,124,223,225,104,104,141,151
238,05.07.11,r170,X,195,147,151,216,218,130,146,145,149,121,121,171,171,251,251,124,124,126,128,156,156,122,124,221,227,104,104,141,163
239,05.07.11,rh210,,28,151,153,214,220,126,126,147,147,121,121,171,171,245,251,124,124,124,128,150,152,118,128,221,231,108,108,151,177
240,05.07.11,rh212,X,196,147,151,214,216,132,132,147,149,121,123,171,171,245,249,124,124,122,128,150,156,114,136,221,221,104,108,161,163
241,05.07.11,rh213,,66,151,153,216,222,134,152,147,147,123,123,171,171,251,251,124,126,120,128,150,156,124,130,221,239,102,112,163,189
242,05.07.11,rh215,X,197,147,147,214,216,132,142,147,149,121,127,169,171,245,253,124,128,128,128,152,152,122,124,223,229,106,108,147,163
243,05.07.11,rh225,X,164,147,153,216,218,130,132,147,147,121,123,171,171,245,251,124,126,124,134,150,152,118,130,221,225,104,110,149,161
244,05.07.11,rh231,X,198,147,153,216,220,124,154,147,147,121,123,171,171,251,253,124,126,126,132,144,150,134,142,225,235,104,104,141,161
245,05.07.11,rh232,,112,147,147,216,216,130,132,147,147,121,123,171,171,251,259,124,130,124,128,150,152,118,122,221,235,104,104,155,163
246,05.07.11,rh234,X,199,149,153,216,224,130,132,147,147,121,121,171,171,245,253,124,124,132,134,150,154,124,136,223,235,104,104,151,151
247,05.07.11,rh237,X,200,147,153,216,216,126,132,147,149,121,123,171,171,251,253,124,132,126,128,154,160,118,124,221,221,106,108,151,159
248,05.07.11,rh239,,201,151,153,210,220,126,132,147,149,121,121,171,171,249,251,124,130,128,128,146,150,118,132,221,223,104,104,151,161
249,05.07.11,sh172,,35,147,153,214,220,126,130,147,147,121,121,171,171,249,249,124,126,124,126,152,156,114,118,231,239,104,108,153,155
250,05.07.11,sh188,X,202,147,151,216,216,126,144,147,147,121,121,171,173,251,251,124,124,124,128,146,150,128,130,221,227,106,108,131,151
251,05.07.11,gb119,X,203,147,147,216,222,128,140,147,149,121,123,171,171,245,247,124,128,126,128,146,152,130,138,221,229,104,106,151,151
252,05.07.11,gb120p,,204,147,151,220,220,130,130,147,147,121,121,171,173,251,253,124,130,118,128,152,156,122,132,221,229,110,112,157,159
253,07.07.11,lh160,X,187,147,151,216,218,126,132,147,147,123,123,171,171,245,251,124,124,126,134,152,154,130,152,221,231,104,106,157,177
254,07.07.11,lh166,,110,147,153,210,226,128,130,147,147,121,123,171,171,251,255,124,128,128,134,146,158,116,132,227,237,102,104,157,157
255,07.07.11,lh168,X,205,147,153,216,216,126,132,147,147,121,123,171,171,251,253,124,124,126,128,150,156,114,116,221,221,104,106,163,187
256,07.07.11,lh185,X,206,147,153,216,220,138,138,147,147,121,125,171,171,245,251,124,130,128,148,152,152,130,142,225,225,104,104,159,161
257,07.07.11,r182,X,207,147,153,216,218,130,132,147,149,121,125,171,171,251,253,124,124,128,140,146,156,118,152,231,231,104,104,161,185
258,07.07.11,r183,,103,147,147,216,216,130,130,147,149,123,123,171,173,245,245,124,130,124,128,160,160,114,118,221,235,104,104,151,173
259,07.07.11,r186,X,208,151,151,216,222,128,130,147,147,121,123,171,171,245,251,124,124,128,134,154,158,130,132,221,229,104,106,155,163
260,07.07.11,r187,X,4,147,151,216,220,130,142,147,147,121,123,171,171,245,253,124,126,120,126,146,152,138,142,221,225,104,106,141,163
261,07.07.11,r191,X,209,153,153,216,216,126,132,147,147,121,127,171,171,251,253,124,124,124,142,150,154,116,138,223,231,104,106,161,177
262,07.07.11,r201,X,210,151,153,220,220,130,132,147,147,121,123,171,171,251,253,124,124,128,128,146,156,126,130,221,223,104,108,139,143
263,07.07.11,rh252,,211,147,153,216,222,126,130,147,147,121,125,171,171,253,255,124,124,128,128,152,152,126,130,229,239,104,104,141,153
264,07.07.11,rh258,,57,147,153,216,220,128,128,147,147,119,123,171,171,245,249,124,126,128,130,150,152,130,130,221,225,0,0,151,151
265,07.07.11,rh259,X,212,153,153,216,218,126,128,145,147,121,125,171,171,249,255,124,130,126,132,150,152,124,132,223,223,104,106,151,167
266,07.07.11,sh194,,139,147,147,218,220,128,144,147,149,121,121,171,171,245,253,124,124,124,128,146,162,130,144,221,229,104,106,151,161
267,07.07.11,sh196,X,213,147,147,210,216,128,132,147,149,121,125,171,171,253,253,124,126,124,128,146,152,124,136,225,229,104,104,151,165
268,07.07.11,sh202,X,111,147,151,210,218,126,138,147,147,123,125,171,171,249,253,0,0,126,126,146,158,128,130,225,233,102,106,145,149
269,07.07.11,gb130,X,211,147,147,216,222,126,132,147,147,121,123,171,171,253,255,124,130,126,128,152,152,130,130,221,239,104,110,153,163
270,07.07.11,gb133,X,214,151,151,216,216,128,132,147,147,121,123,171,171,249,253,124,124,128,132,146,152,122,134,219,221,104,112,145,157
271,11.07.11,lh192,,79,147,153,220,220,128,132,147,147,121,123,171,171,249,253,124,126,126,132,154,156,130,136,221,225,104,106,147,167
272,11.07.11,lh206,,84,149,153,216,218,126,132,149,149,123,123,171,171,249,251,124,124,126,132,150,152,116,130,225,225,106,110,163,163
273,11.07.11,lh207,,90,147,151,220,220,128,146,147,147,121,125,171,171,245,251,124,124,124,132,152,152,126,126,225,225,104,108,143,159
274,11.07.11,r212,X,215,151,151,214,218,130,132,147,149,121,127,171,171,245,251,124,128,128,132,152,152,118,122,223,223,106,108,147,161
275,11.07.11,r214,X,145,151,153,220,222,132,150,147,147,121,129,171,171,245,245,124,130,132,142,152,160,118,128,221,245,104,106,157,163
276,11.07.11,r227,X,216,147,153,216,216,132,140,147,147,121,123,171,171,245,251,124,128,124,124,150,152,124,128,231,235,102,104,163,163
277,11.07.11,r228,X,217,147,151,216,216,134,142,147,147,121,121,171,171,253,255,124,124,120,132,152,154,118,136,217,225,104,106,151,151
278,11.07.11,r232,X,218,147,147,218,222,126,134,147,147,123,123,171,171,245,249,124,124,124,128,146,156,114,124,221,235,104,108,159,167
279,11.07.11,r233,,12,153,153,218,220,130,134,147,147,121,121,171,171,253,253,124,126,124,132,152,156,128,130,221,231,104,104,151,163
280,11.07.11,r238,X,219,147,147,216,220,128,132,147,147,121,123,171,171,253,257,124,126,126,128,150,154,128,138,229,229,104,104,139,161
281,11.07.11,r240,X,90,147,151,220,220,128,146,147,147,121,125,171,171,245,251,124,124,128,132,150,152,126,138,225,225,104,108,137,159
282,11.07.11,rh274,X,220,147,151,216,216,132,132,147,147,121,123,171,171,245,249,124,124,124,142,146,158,126,128,225,235,104,108,157,169
283,11.07.11,rh286,X,201,149,153,210,216,126,132,147,147,121,121,171,171,249,251,124,130,128,128,146,150,118,132,221,225,104,104,143,161
284,11.07.11,rh291,,221,153,153,210,216,132,142,145,149,121,125,171,171,251,253,124,124,120,124,146,150,120,130,217,221,106,108,133,135
285,11.07.11,rh293,X,222,149,153,216,218,128,132,147,149,121,121,171,171,245,253,124,128,124,128,152,152,130,148,223,237,104,104,139,163
286,11.07.11,rh295,,223,147,151,218,218,128,130,147,147,121,123,171,171,245,249,124,124,126,128,152,160,124,126,221,227,106,108,151,157
287,11.07.11,rh299,,99,147,151,216,218,126,140,147,147,119,121,171,171,253,255,124,124,126,132,150,154,126,130,225,231,104,106,141,163
288,11.07.11,rh304,,90,147,151,220,220,128,146,147,147,121,125,171,171,245,251,124,130,124,132,152,152,126,138,221,225,104,108,143,159
289,11.07.11,js218,X,106,149,151,210,220,130,132,147,147,121,121,171,171,249,253,124,124,126,132,146,156,114,118,225,225,106,108,139,151
290,11.07.11,js220,X,224,147,151,216,220,126,130,147,147,121,123,171,173,253,253,124,124,128,128,152,154,128,134,235,237,104,112,163,163
291,11.07.11,js221,X,225,147,149,214,216,130,132,147,147,119,123,171,171,251,253,124,126,128,128,146,150,132,134,223,235,104,106,157,167
292,11.07.11,js233,X,20,147,147,216,220,126,134,149,149,123,127,171,171,251,253,124,124,126,128,152,152,132,138,221,225,104,104,153,153
293,11.07.11,js234,,226,147,153,218,220,128,132,147,147,121,123,171,171,251,253,124,126,118,120,152,152,130,144,225,235,104,106,151,159
294,11.07.11,js236,X,41,147,147,218,218,132,134,147,147,121,127,171,171,249,253,124,124,124,132,154,156,128,128,231,231,106,108,153,177
295,11.07.11,sh220,,139,147,153,218,222,128,144,147,149,121,123,171,171,245,249,124,124,124,134,152,162,130,144,221,229,104,104,135,161
296,11.07.11,sh223,X,227,147,147,216,216,126,152,147,149,121,123,171,171,249,253,124,124,128,134,152,152,118,142,223,225,104,106,153,163
297,11.07.11,sh227,X,228,147,147,218,220,128,130,147,147,121,121,171,171,249,253,124,124,124,134,152,152,118,132,225,239,104,108,141,149
298,11.07.11,sh235,,22,151,151,218,220,126,136,147,147,121,121,171,171,249,253,124,130,128,128,144,152,122,122,221,221,102,104,151,151
299,11.07.11,sh237,X,229,151,153,216,216,130,132,147,147,123,123,171,173,253,253,124,128,128,130,152,152,128,130,225,225,104,110,141,163
300,11.07.11,gb151,,210,147,151,216,220,130,132,147,147,121,123,171,171,251,253,124,126,128,128,152,156,130,132,221,223,104,104,139,143
301,11.07.11,gb168,X,230,147,151,216,220,126,132,147,149,121,123,171,171,251,253,124,126,128,128,152,152,118,130,221,223,104,106,165,167
302,11.07.11,gb172,X,231,147,153,216,220,128,132,147,149,121,121,171,171,249,255,124,126,118,132,154,154,118,130,221,223,104,104,151,163
303,11.07.11,gb174,,216,147,153,216,216,132,140,147,147,121,123,171,171,245,249,124,128,120,124,150,152,124,128,231,235,104,112,151,163
304,11.07.11,sa108,X,232,147,147,216,220,126,128,147,149,121,121,171,173,245,251,124,128,128,134,152,152,128,130,221,225,104,106,159,167
305,11.07.11,sa111,X,233,147,149,216,216,132,132,147,147,121,123,171,173,251,251,124,124,128,132,152,164,124,128,231,235,104,112,157,177
306,11.07.11,sa128,X,234,147,149,216,220,132,132,147,149,121,129,171,171,245,249,124,124,128,128,150,156,124,130,221,239,104,104,139,159
307,12.07.11,lh210,,235,147,151,220,220,126,126,147,147,121,123,171,171,249,253,124,126,120,136,152,152,124,130,221,221,104,104,163,165
308,12.07.11,lh222,,89,147,149,216,220,130,130,147,149,121,123,171,171,249,255,124,124,128,134,152,154,128,128,221,225,104,110,135,173
309,12.07.11,lh228,,236,147,151,216,216,126,128,147,147,123,123,171,171,249,251,124,124,124,132,150,152,124,128,221,225,102,108,151,161
310,12.07.11,lh229,X,237,147,151,216,220,130,142,147,147,123,125,171,171,249,253,124,124,126,128,146,152,122,124,221,223,102,104,129,151
311,12.07.11,lh233,,99,147,147,216,216,134,140,147,147,121,121,171,171,253,255,124,124,126,128,154,154,126,130,225,231,104,104,153,163
312,12.07.11,gb188,X,238,147,151,218,220,130,130,147,149,125,125,171,171,251,253,124,124,128,128,152,154,114,128,221,225,104,104,151,157
313,12.07.11,gb192,,17,147,153,216,220,130,132,147,147,121,121,171,171,251,253,124,124,120,130,150,152,130,136,221,235,106,108,137,163
314,12.07.11,gb193,X,239,147,151,220,220,130,132,147,147,121,121,171,173,245,251,124,124,126,134,152,152,118,130,223,237,104,104,149,175
315,12.07.11,gb194,X,240,147,149,216,216,130,132,147,147,121,123,171,171,251,251,124,132,128,128,146,152,124,136,221,237,106,106,161,171
316,12.07.11,gb199,,200,147,153,216,220,126,130,147,149,121,123,171,171,249,251,124,124,128,132,152,160,118,156,219,221,106,108,147,159
317,12.07.11,rh306,,241,147,153,216,222,128,134,145,147,121,127,171,171,245,251,124,128,130,138,156,162,130,134,0,0,104,106,139,147
318,12.07.11,rh311,X,235,147,151,220,220,126,126,147,147,121,123,171,171,253,255,124,126,122,136,152,158,124,130,221,221,104,108,163,165
319,12.07.11,rh315,X,242,153,153,220,222,128,132,145,147,121,129,171,171,251,251,124,124,118,128,150,152,118,118,221,221,102,104,141,155
320,12.07.11,rh318,X,243,147,149,220,220,130,130,147,147,123,123,171,171,245,255,124,126,126,126,150,156,114,130,221,231,106,106,155,157
321,12.07.11,rh332,X,244,151,153,216,218,130,132,147,147,121,123,171,171,251,251,124,130,128,128,152,152,132,142,221,225,104,104,151,161
322,12.07.11,rh336,,22,147,151,216,218,126,136,147,147,121,121,171,171,249,253,128,130,128,128,144,152,114,122,221,221,104,104,151,151
323,12.07.11,js245,,245,151,151,218,220,128,136,145,147,121,121,171,171,249,255,124,124,126,132,152,154,136,150,225,229,104,110,165,197
324,12.07.11,js247,,5,147,153,214,216,126,134,147,147,119,121,171,171,249,253,124,124,128,132,146,146,118,146,227,235,104,108,151,161
325,12.07.11,js249,X,72,151,153,216,218,128,146,147,147,121,129,171,171,251,253,124,130,124,134,146,156,128,128,221,225,104,108,147,161
326,12.07.11,js257,X,246,153,153,210,216,126,132,147,149,121,123,171,171,245,251,124,124,128,128,152,154,124,132,219,221,104,108,151,163
327,12.07.11,js274,,21,153,153,210,216,128,130,147,147,121,121,171,171,249,253,124,124,118,128,152,156,118,128,237,237,108,108,151,173
328,12.07.11,sh242,X,221,153,153,210,222,132,142,145,147,121,125,171,173,251,251,124,124,120,124,146,150,130,130,221,221,106,108,133,135
329,12.07.11,sh245,X,85,149,151,216,220,130,132,147,147,121,123,171,171,251,253,124,124,120,128,158,174,122,124,223,223,104,106,139,141
330,12.07.11,sh246,X,247,147,153,220,222,130,132,147,149,121,125,171,171,249,251,124,130,126,128,146,160,132,136,221,229,110,110,167,177
331,12.07.11,sh247,,72,151,153,216,218,128,146,147,147,121,129,171,171,251,253,124,128,124,134,146,156,128,128,221,225,104,108,147,161
332,12.07.11,sh249,,86,147,147,218,220,132,132,145,149,119,123,171,171,251,253,124,124,126,128,150,150,116,130,223,225,104,106,137,159
333,12.07.11,sh251,,5,147,153,214,216,126,134,147,147,119,123,171,171,249,253,124,124,128,132,146,146,118,124,221,235,104,108,151,161
334,12.07.11,sh256,,248,147,151,216,220,132,146,147,147,121,127,171,171,249,251,124,130,120,128,150,152,116,130,221,229,104,110,137,163
335,12.07.11,sh267,,91,149,151,216,220,132,140,147,147,121,121,171,171,255,265,124,124,124,128,152,170,126,130,221,221,104,106,149,161
336,12.07.11,sh269,X,88,153,153,220,220,128,130,147,149,121,121,171,171,251,253,124,128,128,128,152,152,118,128,231,231,104,108,151,155
337,12.07.11,sh280,X,80,147,153,216,216,130,132,147,147,121,123,171,171,251,253,126,130,120,128,150,152,122,128,235,235,104,104,141,151
338,12.07.11,r246,X,249,151,151,216,222,126,132,147,147,123,123,171,171,251,253,124,124,126,126,146,156,130,136,221,235,104,108,153,163
339,12.07.11,r247,,250,147,147,216,216,132,136,147,147,123,123,171,171,251,251,124,124,124,128,152,156,124,134,225,229,104,106,139,163
340,12.07.11,r249,X,251,149,153,216,220,130,142,145,147,121,123,171,171,249,253,124,124,128,130,152,160,128,132,221,223,104,108,157,161
341,12.07.11,r250,X,252,147,151,216,216,130,134,147,147,123,125,171,171,251,253,124,124,124,132,152,158,126,144,225,237,104,106,169,187
342,12.07.11,r251,X,253,147,153,218,220,128,134,147,147,121,121,171,171,249,253,124,124,126,126,154,154,118,124,225,237,104,106,139,163
343,12.07.11,r252,X,254,151,153,216,216,130,130,147,149,121,123,171,171,247,253,124,124,126,134,150,152,130,132,219,231,106,108,145,161
344,12.07.11,r253,,221,147,153,210,216,132,142,145,147,123,125,171,173,251,251,124,124,120,124,146,150,120,130,221,221,104,106,135,181
345,12.07.11,r263,X,122,151,151,216,216,126,146,145,147,123,127,171,171,251,253,124,124,120,128,156,156,130,130,221,235,102,104,143,145
346,12.07.11,r264,X,255,147,151,216,216,128,130,147,147,121,123,171,171,251,251,124,124,128,130,144,152,130,130,225,231,104,108,151,151
347,12.07.11,r271,X,256,147,151,216,216,128,156,147,147,121,123,171,171,251,251,124,124,132,136,152,154,124,132,221,235,106,108,157,163
348,12.07.11,r272,,139,147,147,218,222,128,144,147,149,121,121,171,171,245,249,124,124,124,128,146,162,114,144,221,229,104,106,135,161
349,12.07.11,r284,,99,147,147,216,216,134,140,147,147,121,121,171,171,253,255,124,124,126,128,154,154,126,128,225,231,104,104,141,163
350,12.07.11,r286,X,257,147,151,216,220,126,140,147,147,121,123,171,171,253,253,124,126,124,124,146,158,122,130,235,237,102,104,139,149
351,13.07.11,lh238,X,258,147,147,216,218,128,132,147,147,121,125,171,171,245,251,124,124,128,128,146,150,118,128,221,221,104,108,151,157
352,13.07.11,lh240,X,112,147,149,216,216,130,132,147,147,121,123,171,171,251,259,124,124,124,128,150,152,118,122,221,235,104,104,147,163
353,13.07.11,lh241,,193,147,147,218,220,126,132,147,147,121,125,171,171,253,253,124,124,128,128,146,152,130,134,221,231,104,108,157,161
354,13.07.11,lh243,X,260,147,153,216,220,132,132,147,147,121,121,171,171,251,253,128,130,126,128,152,152,118,142,233,235,108,110,135,161
355,13.07.11,lh246,X,70,147,147,218,220,126,132,147,149,121,121,171,171,251,255,124,124,124,132,146,146,120,124,221,235,104,106,163,163
356,13.07.11,lh249,X,135,147,151,216,216,126,132,147,147,121,125,171,173,249,249,124,126,128,132,150,152,118,118,221,225,104,106,139,147
357,13.07.11,lh252,X,261,151,151,216,218,132,132,147,147,121,127,171,171,251,253,124,124,128,130,154,156,124,134,217,225,104,106,131,163
358,13.07.11,r288,,48,151,151,216,220,132,138,147,147,119,123,171,171,255,255,124,124,118,126,152,160,120,128,231,237,104,104,151,151
359,13.07.11,r289,,26,147,147,220,220,130,134,145,147,121,123,171,171,253,255,124,124,126,128,150,154,118,130,221,221,102,112,151,167
360,13.07.11,r290,X,262,151,151,216,220,130,146,147,149,123,125,171,173,251,251,124,124,134,134,152,158,124,138,221,231,104,106,151,187
361,13.07.11,r291,,41,147,147,218,218,126,132,147,147,121,127,171,171,249,249,124,124,124,128,154,154,128,128,231,231,104,108,141,177
362,13.07.11,r292,X,40,149,151,216,220,128,136,147,147,121,121,171,171,251,255,124,124,128,128,152,152,118,124,225,235,104,106,139,145
363,13.07.11,r293,X,259,147,147,214,218,132,132,147,147,121,123,171,171,245,253,124,126,128,132,146,146,128,132,221,233,108,108,157,163
364,13.07.11,r294,X,263,153,153,218,218,132,132,147,147,123,125,171,171,249,249,124,124,128,128,146,152,126,132,229,229,104,106,151,163
365,13.07.11,r296,X,264,151,153,216,218,128,136,147,147,119,123,171,171,249,251,124,124,128,136,144,150,128,130,221,221,104,106,155,169
366,13.07.11,r297,X,265,147,147,216,216,134,138,147,147,121,123,171,171,249,251,124,126,128,132,150,154,116,132,225,235,106,110,141,147
367,13.07.11,r300,,69,153,153,216,220,126,130,147,147,121,121,171,171,251,253,124,124,132,134,150,154,124,136,223,225,104,104,163,175
368,13.07.11,r302,X,266,147,149,220,222,126,126,147,147,123,123,171,171,251,253,124,126,124,128,152,152,126,130,221,221,106,106,161,163
369,13.07.11,r305,X,267,147,153,216,220,130,138,145,147,121,121,171,171,249,251,124,126,120,134,150,152,132,150,227,231,104,104,139,159
370,13.07.11,r307,,70,147,147,216,220,126,132,147,149,121,121,171,171,251,255,124,128,126,132,146,158,120,130,221,235,104,108,163,169
371,13.07.11,r309,X,268,147,147,216,218,134,150,147,149,121,121,171,171,251,253,124,128,126,130,146,150,128,130,221,227,104,104,161,163
372,13.07.11,rh342,,48,147,151,216,220,138,144,147,147,119,121,171,171,255,255,124,124,118,128,152,154,120,128,231,237,104,104,151,163
373,13.07.11,rh343,,41,147,147,218,218,126,132,147,147,121,127,171,171,249,253,124,124,124,132,154,156,128,128,231,231,104,108,153,177
374,13.07.11,rh344,X,236,147,151,216,216,128,132,147,147,123,123,171,171,251,255,124,124,118,132,150,152,124,128,223,225,104,108,151,161
375,13.07.11,rh345,X,269,147,151,210,220,130,132,147,147,121,121,171,171,251,253,124,126,128,128,146,158,128,128,223,225,104,104,151,185
376,13.07.11,rh346,,48,151,151,216,220,132,138,147,147,119,123,171,171,251,255,124,124,118,126,152,160,120,128,229,237,104,104,151,163
377,13.07.11,rh351,X,133,147,151,216,216,128,132,147,147,123,125,171,171,249,251,124,126,118,126,150,152,118,130,221,225,106,108,137,171
378,13.07.11,rh353,,270,151,151,216,220,130,132,147,147,121,125,171,171,249,251,124,124,128,128,152,154,122,128,225,225,104,104,151,163
379,13.07.11,rh359,,271,153,153,216,218,128,132,147,149,119,129,171,171,245,249,124,130,126,128,150,152,128,132,233,233,104,104,151,171
380,13.07.11,rh360,X,272,147,153,218,224,130,132,147,149,121,121,171,171,245,249,124,126,126,130,152,154,122,128,221,225,104,104,157,157
381,13.07.11,sh285,,40,149,151,216,218,128,130,147,147,121,121,171,171,251,255,124,124,128,128,152,152,124,150,225,235,104,106,145,151
382,13.07.11,sh293,,18,147,153,218,218,128,134,145,147,121,123,171,171,251,253,124,126,124,126,154,162,118,120,223,223,104,106,151,157
383,13.07.11,sh294,,273,147,147,216,220,126,132,147,149,123,125,171,171,249,249,126,128,126,128,146,152,116,130,225,235,104,104,139,163
384,13.07.11,sh295,X,274,147,147,216,220,128,132,147,147,123,123,171,171,245,249,124,124,124,126,152,158,124,132,225,225,102,106,139,141
385,13.07.11,sh297,X,275,147,147,216,220,128,128,147,147,121,121,171,171,249,251,124,124,120,128,150,152,118,128,221,225,102,110,141,163
386,13.07.11,sh300,X,271,147,153,218,218,128,132,147,149,119,127,171,171,245,251,124,124,126,126,152,152,128,132,233,233,104,104,151,171
387,13.07.11,gb202,X,37,147,147,218,218,126,132,147,147,121,121,171,171,249,251,124,124,126,132,156,158,124,130,231,235,104,106,153,169
388,13.07.11,gb208,X,276,147,151,218,220,130,132,145,147,119,123,171,171,245,245,124,130,126,128,154,154,124,132,219,221,104,110,133,141
389,13.07.11,gb209,X,48,147,151,216,220,138,144,147,147,119,121,171,171,255,255,124,124,118,126,152,160,120,128,231,237,104,104,151,151
390,13.07.11,gb214,,18,153,153,218,220,128,134,145,147,121,123,171,171,251,253,124,126,124,126,154,162,120,144,223,223,104,106,151,151
391,13.07.11,gb216,X,277,147,153,216,218,128,130,145,147,121,121,171,171,245,253,124,124,126,132,150,152,120,122,221,225,106,108,153,163
392,13.07.11,gb218,X,278,147,151,216,220,130,132,147,147,121,121,171,171,249,253,130,130,128,132,152,154,124,152,227,235,106,112,157,163
393,13.07.11,gb219,,175,147,153,216,220,128,138,147,147,121,123,171,171,253,255,124,128,124,130,146,146,118,128,223,225,104,110,147,173
394,13.07.11,gb220,X,279,147,153,216,220,128,132,147,147,119,121,171,171,245,245,124,130,120,126,146,160,122,124,217,221,104,104,163,163
395,13.07.11,gb221,X,71,151,153,220,220,126,146,147,147,123,127,171,171,245,251,124,124,124,128,152,152,126,126,221,237,104,106,137,171
396,13.07.11,gb224,,129,147,149,216,222,126,128,147,147,123,123,171,173,251,253,124,124,128,128,144,150,118,128,225,231,104,104,141,193
397,13.07.11,gb225,X,273,147,147,216,220,126,126,147,147,123,123,171,171,249,251,124,128,126,128,146,154,116,134,225,235,104,104,139,163
398,14.07.11,lh255,,189,147,153,216,220,130,132,147,147,121,121,171,171,249,255,124,124,128,130,144,152,130,130,221,225,108,112,151,163
399,14.07.11,lh256,X,280,147,151,216,220,132,150,147,149,123,125,171,171,245,249,124,124,128,128,152,154,124,132,221,241,102,108,151,161
400,14.07.11,lh259,,35,147,153,216,220,126,130,147,147,121,121,171,171,249,255,124,126,126,128,152,152,114,118,231,239,102,104,153,155
401,14.07.11,lh277,X,281,147,151,216,218,132,132,147,147,125,129,171,171,249,251,124,124,118,128,154,156,128,134,221,221,104,108,143,163
402,14.07.11,r312,X,18,153,153,218,220,128,130,145,147,121,123,171,171,251,253,124,130,126,128,154,154,118,120,223,223,104,106,151,151
403,14.07.11,r322,X,26,147,147,220,220,130,134,147,147,121,123,171,171,249,255,124,124,128,128,154,154,118,130,221,223,104,112,149,167
404,14.07.11,r331,X,282,151,153,216,216,134,134,147,147,119,125,171,171,249,253,124,124,126,128,152,154,128,138,221,231,104,106,141,151
405,14.07.11,r337,X,152,147,151,216,222,130,132,147,147,121,121,171,171,251,253,124,124,128,138,146,164,118,120,221,223,104,106,139,165
406,14.07.11,rh364,X,283,151,153,216,216,130,132,147,147,121,125,171,171,249,251,124,126,124,138,152,152,128,130,225,235,104,104,161,173
407,14.07.11,rh367,,284,151,151,216,220,126,128,147,147,121,123,171,171,251,253,124,126,126,128,146,152,122,124,221,221,104,106,153,157
408,14.07.11,rh369,X,285,151,153,216,218,130,132,147,149,121,123,171,171,247,249,124,128,128,128,150,156,124,130,221,221,104,106,161,161
409,14.07.11,rh370,X,284,147,151,216,220,128,128,147,147,121,121,171,171,251,253,124,126,126,128,146,152,122,124,223,223,104,110,153,163
410,14.07.11,rh373,,275,147,147,216,222,128,142,147,147,121,123,171,171,249,251,124,124,120,128,150,152,118,128,221,225,110,110,141,163
411,14.07.11,rh377,,236,147,151,216,216,126,128,147,147,123,123,171,171,249,251,124,124,124,132,150,152,124,128,223,225,104,108,151,161
412,14.07.11,rh380,X,286,147,149,216,220,126,126,147,147,121,123,171,171,249,251,124,124,126,134,152,154,128,128,221,225,104,106,135,173
413,14.07.11,rh393,,261,147,151,216,216,132,132,147,147,121,123,171,173,251,253,124,124,128,128,154,156,124,128,221,229,104,110,0,0
414,14.07.11,sd5,,116,147,153,218,220,128,130,147,147,123,127,171,171,249,249,124,128,126,128,152,152,124,128,221,229,104,106,145,151
415,14.07.11,sd8,X,50,147,151,220,232,128,132,145,147,121,121,171,171,249,253,124,126,118,128,152,154,118,120,221,221,104,104,157,159
416,14.07.11,sh305,,287,147,153,218,218,126,128,147,147,121,127,171,171,251,257,124,128,128,134,150,152,124,130,221,221,104,106,155,155
417,14.07.11,sh308,X,287,147,147,216,218,126,128,147,147,127,127,171,171,251,257,124,124,128,128,152,152,124,130,221,221,106,106,155,159
418,14.07.11,sh316,X,288,147,153,216,220,130,130,145,149,121,125,171,171,245,249,126,126,128,132,150,156,118,130,225,231,104,108,147,155
419,14.07.11,sh319,X,289,147,151,216,218,128,128,147,147,121,123,171,171,245,253,124,126,124,126,150,152,130,134,223,223,106,110,145,163
420,14.07.11,sh323,,41,147,153,216,218,126,132,147,147,121,127,171,171,249,249,124,124,124,132,154,156,128,130,231,231,104,108,153,177
421,14.07.11,sh327,X,223,147,153,216,218,126,128,147,149,121,121,171,171,245,251,124,124,126,128,152,156,124,126,221,233,104,106,151,155
422,14.07.11,sh332,,203,147,155,216,222,128,140,145,147,121,123,171,171,247,249,124,124,126,128,146,150,130,130,221,229,104,108,151,151
423,14.07.11,jp93,X,226,147,153,218,220,126,128,147,147,121,123,171,171,245,253,126,130,118,120,152,152,130,144,235,237,104,104,151,159
424,14.07.11,jp94,X,290,147,153,216,216,130,130,147,147,123,127,171,171,245,253,124,124,128,128,150,152,130,132,221,225,104,104,137,161
425,14.07.11,jp95,X,291,147,151,218,220,132,134,147,149,123,123,171,171,251,251,124,126,128,134,150,152,130,130,221,229,104,104,163,163
426,14.07.11,jp106,X,293,147,153,216,218,128,132,147,147,123,125,171,171,249,253,124,124,128,132,146,152,122,130,221,237,106,108,159,167
427,14.07.11,sa131,X,294,147,147,216,240,130,132,147,149,121,123,171,171,249,251,124,124,126,128,152,154,116,124,227,231,104,106,157,157
428,14.07.11,sa135,X,13,147,147,220,220,126,142,147,147,121,121,171,171,249,249,124,124,122,124,154,158,130,132,221,221,104,104,145,151
429,14.07.11,sa137,X,295,147,153,218,220,130,132,147,149,123,123,171,171,245,251,124,126,124,134,150,152,120,136,227,231,104,108,137,139
430,14.07.11,sa141,,26,147,147,216,220,130,156,145,147,121,123,171,171,253,255,124,124,126,128,150,154,118,130,221,221,102,112,149,167
431,15.07.11,r339,X,250,147,147,216,220,132,136,147,147,123,123,171,171,251,251,124,124,124,128,152,156,124,128,225,229,104,106,139,163
432,15.07.11,r340,X,296,147,153,216,216,132,134,147,149,121,121,171,171,251,253,124,130,128,132,152,160,124,138,225,225,104,104,159,175
433,15.07.11,r342,X,297,147,147,216,220,128,136,147,147,121,123,171,171,251,255,124,130,124,132,152,154,128,130,221,221,104,108,141,141
434,15.07.11,r345,X,298,153,153,216,220,130,140,147,147,123,125,171,171,245,253,124,124,126,132,152,152,132,138,225,225,104,106,149,179
435,15.07.11,r349,,132,151,153,216,218,128,128,147,149,121,123,171,171,251,253,124,124,124,128,152,156,128,128,221,221,104,104,163,185
436,15.07.11,rh402,X,299,151,155,216,216,126,130,147,149,123,125,171,171,249,253,124,124,128,130,152,152,114,124,221,235,104,108,161,161
437,15.07.11,rh404,,82,147,151,210,216,128,130,147,149,121,123,171,171,249,253,124,128,128,134,150,152,124,126,221,225,104,106,151,157
438,15.07.11,rh406,,176,147,153,216,218,130,138,147,149,121,125,171,171,253,255,124,124,120,132,152,152,122,124,225,225,104,110,145,163
439,15.07.11,rh415,X,129,147,149,216,220,126,128,147,147,123,123,171,173,249,253,124,124,128,128,144,150,118,128,225,231,102,104,141,141
440,15.07.11,rh417,X,5,147,149,210,216,134,150,147,147,119,123,171,171,249,253,124,124,128,132,146,146,118,124,227,235,104,108,151,161
441,15.07.11,rh420,,13,147,147,220,220,130,142,147,147,121,121,171,171,249,255,124,124,120,124,152,154,130,130,221,221,104,104,151,163
442,15.07.11,rh427,X,300,151,151,210,218,126,130,147,147,121,123,171,171,249,249,124,124,124,134,146,152,118,130,227,227,104,104,159,163
443,15.07.11,jp110,X,248,147,151,216,220,126,132,147,147,121,127,171,171,249,251,124,124,120,128,150,156,116,126,225,229,104,110,145,163
444,15.07.11,jp111,X,301,147,151,220,220,132,142,145,147,123,127,171,171,245,255,124,124,126,126,146,152,124,124,225,235,104,106,161,187
445,15.07.11,jp118,,275,147,147,216,222,128,142,147,147,121,121,171,171,249,251,124,124,120,128,150,152,118,128,225,225,102,110,141,163
446,15.07.11,gb227,X,302,147,151,214,218,130,130,147,149,121,123,171,171,249,251,124,124,128,128,152,162,128,136,231,237,104,104,147,159
447,15.07.11,gb232,X,303,147,147,216,216,128,132,147,149,121,121,171,171,249,253,124,126,126,134,152,154,134,134,225,233,104,108,139,157
448,15.07.11,gb240,X,304,147,153,222,226,130,132,147,147,121,121,171,171,251,251,124,126,128,132,152,156,124,128,225,225,106,110,161,167
449,15.07.11,sa156,X,305,147,153,216,216,132,146,147,147,125,129,171,171,245,245,124,124,124,124,152,152,126,130,221,235,104,106,143,159
450,15.07.11,sa158,X,245,147,151,218,220,128,136,145,147,121,123,171,171,255,255,124,124,126,132,146,152,126,136,221,229,104,110,165,197
451,15.07.11,sa159,X,306,151,153,216,218,126,130,147,147,121,123,171,171,251,253,124,128,130,132,148,150,118,124,225,239,104,110,151,151
452,15.07.11,sa160,X,270,151,151,216,220,130,132,147,147,121,125,171,173,249,253,124,124,128,128,152,154,114,122,225,231,104,104,163,177
453,15.07.11,sa165,X,65,151,153,216,218,130,132,147,147,119,121,171,171,251,251,124,130,126,128,146,158,128,138,223,235,104,104,163,181
454,15.07.11,sa169,X,307,147,151,216,220,130,132,147,147,123,123,171,171,245,249,124,128,128,130,152,154,124,130,223,223,104,106,139,141
455,20.07.11,lh286,,192,147,147,218,220,130,132,147,147,121,123,171,171,251,251,124,124,126,128,150,154,126,126,0,0,104,104,157,167
456,20.07.11,lh288,X,308,147,153,216,216,128,136,147,147,125,127,171,171,251,251,124,126,128,132,146,150,130,132,221,221,106,108,167,169
457,20.07.11,lh296,X,138,147,153,218,222,132,142,147,149,123,129,171,171,251,251,124,128,128,128,150,152,128,132,225,225,102,104,163,193
458,20.07.11,r365,X,309,151,153,218,218,132,132,147,147,121,123,171,173,245,251,124,130,126,128,146,152,118,152,225,235,106,108,151,163
459,20.07.11,r376,,209,153,153,216,216,126,132,147,147,121,127,171,171,251,253,124,124,124,142,150,154,130,138,223,237,104,106,161,177
460,20.07.11,rh432,X,310,147,153,216,216,126,130,147,147,121,123,171,171,253,253,124,124,128,128,146,150,120,136,221,223,104,110,145,145
461,20.07.11,rh437,X,311,153,153,218,220,126,130,147,147,121,123,171,171,249,251,124,124,126,130,152,156,118,130,219,223,104,104,157,175
462,20.07.11,rh445,X,312,147,153,218,220,128,132,147,147,123,123,171,171,253,253,124,126,126,128,152,152,124,124,223,223,104,104,159,161
463,20.07.11,js287,,312,147,153,220,220,128,128,147,147,123,123,171,171,253,253,124,126,126,128,152,152,124,156,223,223,104,104,159,161
464,20.07.11,sh347,,310,147,153,216,216,126,132,147,147,121,123,171,171,253,253,124,124,128,128,146,152,116,120,221,225,104,110,145,145
465,20.07.11,sh348,X,313,147,147,218,218,126,136,147,147,121,123,171,171,251,251,124,128,130,134,152,152,122,122,221,221,104,104,163,169
466,20.07.11,gb254,X,314,151,151,216,220,132,140,147,147,123,123,171,171,251,251,124,124,124,132,152,160,124,134,221,225,102,108,153,167
467,20.07.11,jp121,,315,151,153,216,220,142,146,147,147,121,127,171,171,251,253,124,124,124,126,152,164,128,138,225,245,104,104,143,151
468,20.07.11,jp123,X,315,151,153,216,216,142,146,147,147,121,127,171,171,251,253,124,124,124,126,152,164,128,138,221,245,104,104,143,151
469,20.07.11,jp132,,137,147,153,216,218,126,128,147,147,121,125,171,171,249,249,124,124,128,128,146,156,118,124,221,225,108,112,151,167
470,20.07.11,sa186,,310,147,153,216,216,126,130,147,147,121,123,171,171,253,253,124,124,128,128,146,150,116,120,221,223,104,110,145,163
471,20.07.11,sa197,,312,147,147,220,220,128,132,147,147,121,123,171,171,249,253,124,126,120,128,152,152,124,156,223,223,104,104,159,161
472,20.07.11,sa200,X,316,147,151,218,220,128,132,147,147,123,123,171,171,251,253,124,126,128,142,146,150,130,132,221,225,106,110,141,161
473,20.07.11,sa202,,277,147,155,218,220,126,128,147,149,121,123,171,171,251,253,124,124,126,132,150,150,122,130,221,225,106,106,151,153
474,21.07.11,lh297,,14,147,147,216,216,130,134,147,147,121,123,171,171,249,251,124,124,120,132,144,146,130,158,225,225,104,104,153,157
475,21.07.11,lh298,X,317,147,153,216,220,132,132,147,149,119,129,171,171,249,249,124,124,128,128,152,156,128,134,221,245,104,104,151,163
476,21.07.11,lh307,,318,151,153,216,220,130,132,147,147,121,121,171,171,249,253,124,128,128,128,152,152,122,130,225,235,104,104,157,161
477,21.07.11,lh309,X,319,147,151,218,220,128,128,147,149,121,127,171,171,251,253,124,130,126,128,146,152,122,128,221,235,104,108,151,159
478,21.07.11,r381,X,320,153,153,220,220,128,134,147,147,121,123,171,171,245,253,124,126,128,132,152,154,130,132,225,231,102,104,153,163
479,21.07.11,r388,X,28,147,153,218,220,126,126,147,147,121,121,171,171,251,253,124,124,126,128,150,152,118,128,221,221,108,108,141,151
480,21.07.11,r396,X,321,151,153,216,218,130,130,147,147,121,121,171,171,245,251,128,128,126,132,146,158,124,130,221,227,104,106,151,169
481,21.07.11,r404,X,322,147,151,218,220,140,144,147,147,121,121,171,171,251,251,124,124,126,128,156,160,128,134,0,0,102,104,151,157
482,21.07.11,rh454,X,323,147,151,216,220,128,128,145,149,121,123,171,171,251,253,124,124,124,126,146,150,132,146,221,231,104,110,141,147
483,21.07.11,rh457,,323,147,151,220,220,128,128,145,149,121,123,171,171,249,253,124,124,124,126,146,150,130,132,231,235,104,110,147,151
484,21.07.11,rh458,X,324,147,153,216,218,126,134,145,147,121,123,171,171,245,253,124,124,124,128,150,152,130,130,221,221,108,108,139,163
485,21.07.11,rh467,X,154,147,153,218,228,128,130,147,149,121,121,171,173,253,255,126,130,128,136,154,158,124,136,221,221,100,106,163,163
486,21.07.11,js295,,123,153,153,218,222,130,132,147,147,121,121,171,171,249,255,124,124,128,132,146,158,130,152,221,225,104,110,139,167
487,21.07.11,sh358,X,194,147,147,216,216,128,132,147,147,121,123,171,171,245,251,124,124,126,126,150,154,124,126,223,231,104,106,151,155
488,21.07.11,sh359,,317,153,153,216,220,132,132,147,149,119,123,171,173,249,249,124,124,128,128,152,154,128,134,221,245,104,104,151,163
489,21.07.11,gb255,,104,147,147,216,216,130,130,147,147,121,125,171,171,249,251,124,130,126,136,150,152,126,134,221,221,104,106,151,157
490,21.07.11,gb266,X,148,147,151,216,220,128,132,147,147,121,123,171,171,251,253,124,126,128,132,146,154,120,134,221,231,104,110,163,165
491,22.07.11,lh327,X,325,151,153,210,216,132,140,147,149,121,123,171,173,249,249,124,126,126,128,152,152,116,136,221,221,102,106,137,161
492,22.07.11,lh342,X,326,151,153,216,220,128,128,147,147,121,121,171,171,251,253,124,126,128,128,150,152,118,128,221,245,104,104,153,161
493,22.07.11,r412,X,327,147,153,216,218,126,132,147,149,123,123,171,171,251,251,124,126,128,128,146,146,130,130,221,237,104,110,159,163
494,22.07.11,r416,X,328,149,153,216,216,128,132,147,147,121,121,171,173,251,251,124,124,128,134,150,168,132,156,221,225,104,104,147,155
495,22.07.11,r422,X,329,147,151,216,220,126,130,147,149,121,123,171,171,249,255,124,124,120,132,150,150,118,124,221,227,106,110,155,163
496,22.07.11,r424,X,330,147,147,220,220,126,126,147,147,121,121,171,171,253,253,124,124,128,134,152,152,130,142,219,221,104,108,141,161
497,22.07.11,r426,X,331,151,153,216,220,126,126,147,147,121,123,171,171,245,251,124,124,128,132,150,152,128,128,223,225,104,108,153,163
498,22.07.11,r431,X,332,147,151,216,216,130,130,147,147,119,123,171,173,245,251,124,128,124,124,152,158,120,124,225,233,104,104,139,147
499,22.07.11,r432,X,333,147,153,216,220,132,150,147,147,121,123,171,171,251,251,124,128,118,130,152,152,118,126,221,225,106,110,159,163
500,22.07.11,rh470,X,168,147,153,216,220,130,130,147,147,121,129,171,171,249,251,124,126,132,134,154,164,132,134,221,221,108,110,139,151
501,22.07.11,rh492,X,334,147,151,210,218,128,130,147,147,121,123,171,171,249,251,124,128,126,132,146,152,122,122,223,229,104,110,155,161
502,22.07.11,rh495,X,335,149,151,210,220,130,132,145,147,119,121,171,171,251,257,124,124,120,126,154,156,122,128,221,223,104,104,161,163
503,22.07.11,rh496,X,336,147,153,216,220,130,132,147,147,123,125,171,171,245,253,124,124,132,136,150,154,118,124,231,231,104,108,141,141
504,22.07.11,rh498,,332,147,151,216,216,130,130,147,147,119,123,171,173,245,251,124,128,124,128,150,158,124,134,223,233,104,104,139,147
505,22.07.11,rh499,X,337,153,153,210,220,126,146,149,149,121,121,171,173,251,251,126,130,128,138,146,152,122,124,221,227,104,104,161,163
506,22.07.11,rh500,X,338,153,153,218,218,130,136,147,147,121,121,171,173,249,251,124,128,130,132,146,146,122,132,229,229,102,106,143,155
507,22.07.11,rh507,,213,147,151,210,216,128,132,147,147,123,125,171,171,251,253,124,126,124,128,146,152,120,124,229,229,102,108,151,159
508,22.07.11,rh509,X,339,147,147,216,218,130,130,147,147,121,121,171,171,249,253,124,124,128,128,152,156,122,134,221,227,100,100,147,161
509,22.07.11,sh394,X,340,147,153,216,220,126,132,147,147,123,123,171,171,251,251,124,124,126,128,150,150,126,128,221,223,104,106,147,157
510,25.07.11,lh359,X,341,147,151,222,226,126,130,147,149,121,127,171,173,245,245,124,130,128,134,150,152,122,128,221,235,104,106,145,171
511,25.07.11,r451,X,292,147,147,210,218,128,132,147,149,123,127,171,171,251,253,124,124,124,128,152,152,124,130,229,235,102,104,163,163
512,25.07.11,jp140,X,342,147,147,216,220,132,134,147,147,121,133,171,171,245,253,124,124,128,128,146,146,132,136,221,221,108,108,143,149
513,25.07.11,sh411,X,343,151,153,216,220,126,130,147,149,123,123,171,171,251,251,124,124,132,132,152,154,126,132,221,221,104,106,153,163
514,25.07.11,gb274,X,344,147,151,210,216,132,132,147,147,121,123,171,171,249,251,124,126,128,128,152,164,126,128,223,225,106,108,151,187
515,03.08.11,r471,X,318,151,153,216,216,130,132,147,147,121,121,171,171,249,253,124,124,128,128,152,152,122,136,221,235,104,104,161,173
516,03.08.11,r472,X,345,149,151,218,220,130,132,147,147,119,125,171,171,251,253,126,128,118,128,152,154,124,132,223,235,102,104,161,161
517,03.08.11,r473,X,346,147,147,216,218,132,132,147,147,123,127,171,171,253,253,128,130,124,132,152,152,128,130,221,221,108,110,139,151
518,03.08.11,r476,X,241,147,153,216,220,128,134,145,147,121,127,171,171,251,251,124,128,126,138,152,162,130,134,221,221,104,106,139,151
519,03.08.11,r480,,318,151,153,216,220,130,132,147,147,121,121,171,171,249,253,124,124,128,128,152,152,122,130,221,235,104,104,157,161
520,03.08.11,r481,,318,151,153,216,216,130,132,147,147,121,121,171,171,249,253,124,124,128,138,152,152,122,136,221,235,104,104,161,173
521,03.08.11,r482,X,347,147,151,216,220,128,132,147,147,121,123,171,171,249,251,124,124,130,138,152,160,136,150,221,221,104,104,149,155
522,03.08.11,r483,X,348,147,153,216,216,132,150,147,149,123,125,171,171,251,251,124,128,126,128,152,152,118,128,225,229,104,106,151,157
523,03.08.11,r484,X,349,147,153,216,222,130,132,147,149,121,121,171,171,245,249,126,128,126,132,150,158,128,128,221,225,104,106,151,163
524,03.08.11,r485,,350,151,153,216,216,128,136,147,147,121,123,171,171,247,251,124,128,128,128,146,154,114,144,235,235,104,106,143,195
525,03.08.11,r486,X,350,151,153,216,216,128,132,147,147,121,123,171,171,245,247,124,128,128,128,146,154,114,124,225,225,104,106,143,195
526,03.08.11,lh385,X,351,151,151,216,222,130,132,147,147,123,127,171,173,249,249,124,124,124,126,150,152,114,118,221,225,108,110,151,163
527,03.08.11,lh386,X,352,147,147,216,226,130,132,147,147,121,123,171,171,249,251,124,124,128,138,152,158,126,142,231,235,0,0,151,157
528,03.08.11,lh387,X,353,151,151,218,220,126,132,147,147,121,121,171,171,245,249,124,124,120,128,150,170,122,124,221,221,104,110,141,159
529,03.08.11,rh551,X,38,147,151,210,220,126,126,147,147,121,123,171,171,245,251,124,128,128,130,152,152,124,130,217,229,102,104,163,177
530,03.08.11,rh552,X,354,149,151,216,220,128,134,149,149,123,123,171,175,245,251,124,124,128,134,154,160,124,136,221,223,102,106,145,151
531,03.08.11,rh555,X,355,151,153,218,220,126,132,147,149,121,123,171,171,249,253,124,128,128,134,146,150,126,130,215,221,106,110,165,177
532,05.08.11,js315,,3,151,151,210,216,128,132,147,147,125,127,171,171,251,253,124,124,128,134,152,156,118,118,223,231,104,110,151,163
533,40714,rh43,,40,149,151,216,220,128,130,147,147,121,121,171,171,251,255,124,124,128,128,152,152,124,150,221,235,104,104,139,145
534,40729,gb112,X,356,147,149,214,220,136,154,147,147,119,123,171,171,251,251,124,130,128,132,146,150,132,138,221,221,104,104,151,163
535,40728,rh204,X,176,147,153,216,218,128,130,147,149,121,125,171,171,251,255,124,124,120,128,150,152,124,130,221,225,104,110,145,163
536,40731,rh256,,57,147,153,216,220,128,128,147,147,123,123,171,171,245,251,124,126,128,130,150,152,128,130,221,225,0,0,151,151
537,40736,sh243,,85,149,149,216,216,130,132,147,147,121,121,171,171,251,253,124,124,120,124,152,174,124,128,221,223,104,106,139,141
538,40735,r221,,73,151,153,220,220,126,128,147,149,123,127,171,171,249,253,124,124,126,128,150,152,132,142,221,237,104,108,153,163
539,40725,sh154,X,357,147,151,216,216,126,132,147,147,121,127,171,173,253,255,124,130,120,132,152,156,122,124,0,0,104,104,147,163
540,40721,rh147p,,92,147,151,216,220,130,146,147,147,123,127,171,171,245,251,124,124,120,136,152,156,126,130,221,221,104,104,137,169
541,40718,sh84,,151,147,153,216,218,128,128,147,147,119,121,171,171,249,255,124,126,126,128,146,152,130,130,227,229,106,108,155,175
542,40736,r254,X,358,151,151,220,220,130,130,147,147,121,121,171,171,251,251,124,126,128,128,152,154,130,134,221,221,108,108,157,181
543,40746,rh497,X,359,147,149,218,218,130,132,147,149,121,123,171,171,249,255,124,126,124,140,160,170,126,130,225,231,104,104,147,149
544,40738,r314,,13,147,147,216,220,130,142,147,147,121,121,171,171,249,249,124,124,120,124,152,154,130,132,221,221,104,104,145,151
545,13.07.11,rh355,,133,147,151,216,216,128,132,147,147,123,125,171,173,251,251,124,124,126,126,152,152,124,130,221,225,106,108,137,171
546,40739,gb230,,231,147,153,216,220,130,132,147,149,121,121,171,171,249,255,124,124,118,138,152,154,130,130,223,229,104,104,151,163
547,40736,js266,X,360,147,149,216,216,128,132,147,149,121,121,171,171,249,253,124,126,128,136,146,152,114,130,235,239,104,104,151,161
548,20.06.11,rh8,,26,147,147,220,220,130,156,145,147,121,125,171,171,0,0,124,124,128,128,154,154,118,130,221,221,102,112,149,167
,,,,,,,,,,,,,,,,,,,,,,,,,,,,,,,,
,,,,,,,,,,,,,,,,,,,,,,,,,,,,,,,,
,,,,,,,,,,,,,,,,,,,,,,,,,,,,,,,,
,,,,,,,,,,,,,,,,,,,,,,,,,,,,,,,,
,,,,,,,,,,,,,,,,,,,,,,,,,,,,,,,,
,,,,,,,,,,,,,,,,,,,,,,,,,,,,,,,,
,,,,,,,,,,,,,,,,,,,,,,,,,,,,,,,,
,,,,,,,,,,,,,,,,,,,,,,,,,,,,,,,,
,,,,,,,,,,,,,,,,,,,,,,,,,,,,,,,,
,,,,,,,,,,,,,,,,,,,,,,,,,,,,,,,,
,,,,,,,,,,,,,,,,,,,,,,,,,,,,,,,,
,,,,,,,,,,,,,,,,,,,,,,,,,,,,,,,,
,,,,,,,,,,,,,,,,,,,,,,,,,,,,,,,,
,,,,,,,,,,,,,,,,,,,,,,,,,,,,,,,,
,,,,,,,,,,,,,,,,,,,,,,,,,,,,,,,,
,,,,,,,,,,,,,,,,,,,,,,,,,,,,,,,,
,,,,,,,,,,,,,,,,,,,,,,,,,,,,,,,,
,,,,,,,,,,,,,,,,,,,,,,,,,,,,,,,,
,,,,,,,,,,,,,,,,,,,,,,,,,,,,,,,,
,,,,,,,,,,,,,,,,,,,,,,,,,,,,,,,,
,,,,,,,,,,,,,,,,,,,,,,,,,,,,,,,,
,,,,,,,,,,,,,,,,,,,,,,,,,,,,,,,,
,,,,,,,,,,,,,,,,,,,,,,,,,,,,,,,,
,,,,,,,,,,,,,,,,,,,,,,,,,,,,,,,,
,,,,,,,,,,,,,,,,,,,,,,,,,,,,,,,,
,,,,,,,,,,,,,,,,,,,,,,,,,,,,,,,,
,,,,,,,,,,,,,,,,,,,,,,,,,,,,,,,,
,,,,,,,,,,,,,,,,,,,,,,,,,,,,,,,,
,,,,,,,,,,,,,,,,,,,,,,,,,,,,,,,,
,,,,,,,,,,,,,,,,,,,,,,,,,,,,,,,,
,,,,,,,,,,,,,,,,,,,,,,,,,,,,,,,,
,,,,,,,,,,,,,,,,,,,,,,,,,,,,,,,,
,,,,,,,,,,,,,,,,,,,,,,,,,,,,,,,,
,,,,,,,,,,,,,,,,,,,,,,,,,,,,,,,,
,,,,,,,,,,,,,,,,,,,,,,,,,,,,,,,,
,,,,,,,,,,,,,,,,,,,,,,,,,,,,,,,,
,,,,,,,,,,,,,,,,,,,,,,,,,,,,,,,,
,,,,,,,,,,,,,,,,,,,,,,,,,,,,,,,,
,,,,,,,,,,,,,,,,,,,,,,,,,,,,,,,,
,,,,,,,,,,,,,,,,,,,,,,,,,,,,,,,,
,,,,,,,,,,,,,,,,,,,,,,,,,,,,,,,,
,,,,,,,,,,,,,,,,,,,,,,,,,,,,,,,,
,,,,,,,,,,,,,,,,,,,,,,,,,,,,,,,,
,,,,,,,,,,,,,,,,,,,,,,,,,,,,,,,,
,,,,,,,,,,,,,,,,,,,,,,,,,,,,,,,,
,,,,,,,,,,,,,,,,,,,,,,,,,,,,,,,,
,,,,,,,,,,,,,,,,,,,,,,,,,,,,,,,,
,,,,,,,,,,,,,,,,,,,,,,,,,,,,,,,,
,,,,,,,,,,,,,,,,,,,,,,,,,,,,,,,,
,,,,,,,,,,,,,,,,,,,,,,,,,,,,,,,,
,,,,,,,,,,,,,,,,,,,,,,,,,,,,,,,,
,,,,,,,,,,,,,,,,,,,,,,,,,,,,,,,,
,,,,,,,,,,,,,,,,,,,,,,,,,,,,,,,,
,,,,,,,,,,,,,,,,,,,,,,,,,,,,,,,,
,,,,,,,,,,,,,,,,,,,,,,,,,,,,,,,,
,,,,,,,,,,,,,,,,,,,,,,,,,,,,,,,,
,,,,,,,,,,,,,,,,,,,,,,,,,,,,,,,,
,,,,,,,,,,,,,,,,,,,,,,,,,,,,,,,,
,,,,,,,,,,,,,,,,,,,,,,,,,,,,,,,,
,,,,,,,,,,,,,,,,,,,,,,,,,,,,,,,,
,,,,,,,,,,,,,,,,,,,,,,,,,,,,,,,,
,,,,,,,,,,,,,,,,,,,,,,,,,,,,,,,,
,,,,,,,,,,,,,,,,,,,,,,,,,,,,,,,,
,,,,,,,,,,,,,,,,,,,,,,,,,,,,,,,,
,,,,,,,,,,,,,,,,,,,,,,,,,,,,,,,,
,,,,,,,,,,,,,,,,,,,,,,,,,,,,,,,,
,,,,,,,,,,,,,,,,,,,,,,,,,,,,,,,,
,,,,,,,,,,,,,,,,,,,,,,,,,,,,,,,,
,,,,,,,,,,,,,,,,,,,,,,,,,,,,,,,,
,,,,,,,,,,,,,,,,,,,,,,,,,,,,,,,,
,,,,,,,,,,,,,,,,,,,,,,,,,,,,,,,,
,,,,,,,,,,,,,,,,,,,,,,,,,,,,,,,,
,,,,,,,,,,,,,,,,,,,,,,,,,,,,,,,,
,,,,,,,,,,,,,,,,,,,,,,,,,,,,,,,,
,,,,,,,,,,,,,,,,,,,,,,,,,,,,,,,,
,,,,,,,,,,,,,,,,,,,,,,,,,,,,,,,,
,,,,,,,,,,,,,,,,,,,,,,,,,,,,,,,,
,,,,,,,,,,,,,,,,,,,,,,,,,,,,,,,,
,,,,,,,,,,,,,,,,,,,,,,,,,,,,,,,,
,,,,,,,,,,,,,,,,,,,,,,,,,,,,,,,,
,,,,,,,,,,,,,,,,,,,,,,,,,,,,,,,,
,,,,,,,,,,,,,,,,,,,,,,,,,,,,,,,,
,,,,,,,,,,,,,,,,,,,,,,,,,,,,,,,,
,,,,,,,,,,,,,,,,,,,,,,,,,,,,,,,,
,,,,,,,,,,,,,,,,,,,,,,,,,,,,,,,,
,,,,,,,,,,,,,,,,,,,,,,,,,,,,,,,,
,,,,,,,,,,,,,,,,,,,,,,,,,,,,,,,,
,,,,,,,,,,,,,,,,,,,,,,,,,,,,,,,,
,,,,,,,,,,,,,,,,,,,,,,,,,,,,,,,,
,,,,,,,,,,,,,,,,,,,,,,,,,,,,,,,,
,,,,,,,,,,,,,,,,,,,,,,,,,,,,,,,,
,,,,,,,,,,,,,,,,,,,,,,,,,,,,,,,,
,,,,,,,,,,,,,,,,,,,,,,,,,,,,,,,,
,,,,,,,,,,,,,,,,,,,,,,,,,,,,,,,,
,,,,,,,,,,,,,,,,,,,,,,,,,,,,,,,,
,,,,,,,,,,,,,,,,,,,,,,,,,,,,,,,,
,,,,,,,,,,,,,,,,,,,,,,,,,,,,,,,,
,,,,,,,,,,,,,,,,,,,,,,,,,,,,,,,,
,,,,,,,,,,,,,,,,,,,,,,,,,,,,,,,,
,,,,,,,,,,,,,,,,,,,,,,,,,,,,,,,,
,,,,,,,,,,,,,,,,,,,,,,,,,,,,,,,,
,,,,,,,,,,,,,,,,,,,,,,,,,,,,,,,,
,,,,,,,,,,,,,,,,,,,,,,,,,,,,,,,,
,,,,,,,,,,,,,,,,,,,,,,,,,,,,,,,,
,,,,,,,,,,,,,,,,,,,,,,,,,,,,,,,,
,,,,,,,,,,,,,,,,,,,,,,,,,,,,,,,,
,,,,,,,,,,,,,,,,,,,,,,,,,,,,,,,,
,,,,,,,,,,,,,,,,,,,,,,,,,,,,,,,,
,,,,,,,,,,,,,,,,,,,,,,,,,,,,,,,,
,,,,,,,,,,,,,,,,,,,,,,,,,,,,,,,,
,,,,,,,,,,,,,,,,,,,,,,,,,,,,,,,,
,,,,,,,,,,,,,,,,,,,,,,,,,,,,,,,,
,,,,,,,,,,,,,,,,,,,,,,,,,,,,,,,,
,,,,,,,,,,,,,,,,,,,,,,,,,,,,,,,,
,,,,,,,,,,,,,,,,,,,,,,,,,,,,,,,,
,,,,,,,,,,,,,,,,,,,,,,,,,,,,,,,,
,,,,,,,,,,,,,,,,,,,,,,,,,,,,,,,,
,,,,,,,,,,,,,,,,,,,,,,,,,,,,,,,,
,,,,,,,,,,,,,,,,,,,,,,,,,,,,,,,,
,,,,,,,,,,,,,,,,,,,,,,,,,,,,,,,,
,,,,,,,,,,,,,,,,,,,,,,,,,,,,,,,,
,,,,,,,,,,,,,,,,,,,,,,,,,,,,,,,,
,,,,,,,,,,,,,,,,,,,,,,,,,,,,,,,,
,,,,,,,,,,,,,,,,,,,,,,,,,,,,,,,,
,,,,,,,,,,,,,,,,,,,,,,,,,,,,,,,,
,,,,,,,,,,,,,,,,,,,,,,,,,,,,,,,,
,,,,,,,,,,,,,,,,,,,,,,,,,,,,,,,,
,,,,,,,,,,,,,,,,,,,,,,,,,,,,,,,,
,,,,,,,,,,,,,,,,,,,,,,,,,,,,,,,,
,,,,,,,,,,,,,,,,,,,,,,,,,,,,,,,,
,,,,,,,,,,,,,,,,,,,,,,,,,,,,,,,,
,,,,,,,,,,,,,,,,,,,,,,,,,,,,,,,,
,,,,,,,,,,,,,,,,,,,,,,,,,,,,,,,,
,,,,,,,,,,,,,,,,,,,,,,,,,,,,,,,,
,,,,,,,,,,,,,,,,,,,,,,,,,,,,,,,,
,,,,,,,,,,,,,,,,,,,,,,,,,,,,,,,,
,,,,,,,,,,,,,,,,,,,,,,,,,,,,,,,,
,,,,,,,,,,,,,,,,,,,,,,,,,,,,,,,,
,,,,,,,,,,,,,,,,,,,,,,,,,,,,,,,,
,,,,,,,,,,,,,,,,,,,,,,,,,,,,,,,,
,,,,,,,,,,,,,,,,,,,,,,,,,,,,,,,,
,,,,,,,,,,,,,,,,,,,,,,,,,,,,,,,,
,,,,,,,,,,,,,,,,,,,,,,,,,,,,,,,,
,,,,,,,,,,,,,,,,,,,,,,,,,,,,,,,,
,,,,,,,,,,,,,,,,,,,,,,,,,,,,,,,,
,,,,,,,,,,,,,,,,,,,,,,,,,,,,,,,,
,,,,,,,,,,,,,,,,,,,,,,,,,,,,,,,,
,,,,,,,,,,,,,,,,,,,,,,,,,,,,,,,,
,,,,,,,,,,,,,,,,,,,,,,,,,,,,,,,,
,,,,,,,,,,,,,,,,,,,,,,,,,,,,,,,,
,,,,,,,,,,,,,,,,,,,,,,,,,,,,,,,,
,,,,,,,,,,,,,,,,,,,,,,,,,,,,,,,,
,,,,,,,,,,,,,,,,,,,,,,,,,,,,,,,,
,,,,,,,,,,,,,,,,,,,,,,,,,,,,,,,,
,,,,,,,,,,,,,,,,,,,,,,,,,,,,,,,,
,,,,,,,,,,,,,,,,,,,,,,,,,,,,,,,,
