Colony,Family size,Queen ID,BL02,BL02,BL03,BL03,BL06,BL06,BL11,BL11,B10,B10,BTMS0125,BTMS0125,B11,B11,B131,B131,Btern02,Btern02,BTMS0057,BTMS0057,BT10,BT10,BT26,BT26,BTMS0136,BTMS0136
1,2,#1,157,157,132,148,162,182,135,135,206,220,100,100,141,155,133,139,164,170,117,123,150,154,105,105,145,149
2,8,#2,153,157,132,164,162,168,139,141,206,208,100,104,163,173,137,137,154,154,121,131,156,158,111,113,147,149
3,1,#3,149,157,132,136,166,166,133,135,206,214,102,104,185,187,133,137,154,164,121,137,150,156,105,113,149,149
4,3,#4,149,149,132,152,166,166,135,137,206,214,100,104,185,185,137,137,152,166,123,131,150,150,103,105,151,151
5,1,#5,157,157,132,152,162,166,137,139,206,216,100,108,173,185,137,139,154,164,121,131,150,152,103,105,149,151
6,1,#6,157,157,132,148,162,166,131,135,206,210,100,104,185,185,137,139,154,164,121,123,146,152,105,113,149,149
7,1,#7,155,157,132,132,166,176,135,147,206,218,100,102,141,185,137,139,154,162,117,123,148,154,105,113,149,149
8,1,#8,153,157,132,168,162,166,135,137,206,206,94,100,161,185,137,137,154,162,117,131,144,154,103,105,149,151
9,2,#9,151,155,132,132,162,162,135,139,210,210,104,104,161,161,137,137,154,162,121,121,150,154,105,105,149,149
10,5,#10,149,155,132,132,154,162,133,137,212,214,100,100,183,185,137,137,154,164,117,131,144,154,103,105,149,151
11,8,#11,151,157,132,166,166,178,135,135,218,220,94,104,141,187,137,137,154,156,121,121,146,154,105,113,149,149
12,1,#12,155,157,132,132,166,168,135,137,206,214,100,108,173,185,137,139,154,164,121,123,144,146,105,111,149,151
13,6,#13,149,157,132,132,156,180,135,143,206,206,94,108,141,185,135,137,154,154,121,123,150,154,105,105,149,151
14,1,#14,153,157,132,152,164,166,137,141,206,214,100,100,173,185,137,139,154,154,121,131,152,156,105,111,149,149
15,2,#15,151,157,132,132,166,166,131,135,206,222,100,100,161,183,137,137,154,156,117,123,148,152,105,105,149,151
16,6,#16,149,157,132,168,166,168,137,141,206,206,94,100,161,173,137,137,156,160,121,129,144,148,105,111,149,149
17,2,#17,151,153,160,172,166,166,131,141,214,214,100,100,183,185,137,137,154,154,121,123,148,148,105,113,149,149
18,2,#18,149,153,132,132,166,166,131,143,206,206,94,100,161,161,137,137,154,168,117,127,146,148,105,105,149,149
19,3,#19,157,157,132,160,162,162,141,141,210,214,102,102,141,185,137,139,154,178,117,121,150,152,105,105,149,151
20,2,#20,157,157,132,132,162,166,137,137,206,214,100,100,155,185,137,139,154,174,123,131,150,150,105,105,149,151
21,2,#21,151,157,132,132,166,166,135,139,206,206,100,100,185,185,139,139,154,160,123,123,154,156,105,105,149,149
22,2,#22,151,153,132,164,164,170,135,139,206,220,100,100,173,173,137,137,154,164,123,131,148,150,105,107,149,149
23,1,#23,157,157,132,136,160,166,135,143,206,214,94,100,173,185,133,137,154,166,123,131,148,150,105,105,149,149
24,2,#24,149,155,132,136,166,166,137,137,214,214,94,100,141,155,137,137,154,166,121,123,144,156,105,105,149,151
25,1,#25,149,157,132,166,158,166,137,139,206,206,94,100,183,185,137,139,154,164,121,125,148,150,105,113,149,151
26,1,#26,155,157,132,132,158,166,135,141,206,210,100,104,141,185,137,137,154,178,117,131,148,150,105,111,149,151
27,2,#27,151,153,136,160,162,162,139,139,206,210,104,104,173,185,137,137,164,164,117,117,148,154,103,113,147,151
28,7,#28,157,157,132,148,162,162,135,139,206,208,108,114,183,187,133,139,154,154,121,131,150,152,105,105,149,149
29,8,#29,149,157,156,168,164,166,135,135,214,222,100,104,183,185,137,139,156,160,121,131,146,158,105,107,145,151
30,4,#30,149,151,136,148,164,166,135,137,206,214,100,104,141,141,137,139,154,170,123,123,146,154,107,111,149,149
31,3,#31,157,157,132,132,154,158,135,139,214,214,100,106,185,185,137,139,154,154,121,121,150,156,107,107,151,151
32,5,#32,149,149,132,152,162,162,135,139,206,208,108,114,183,187,137,139,154,154,121,131,150,152,105,105,149,149
33,7,#33,151,157,132,132,162,176,131,137,206,210,94,100,185,185,137,139,154,162,123,123,152,154,105,107,149,151
34,2,#34,157,157,132,132,162,162,135,135,206,214,100,100,185,185,137,137,164,166,123,123,148,148,105,105,149,149
35,4,#35,149,151,132,154,166,168,137,141,214,214,104,104,185,185,137,137,166,170,117,121,148,148,105,105,149,151
36,1,#36,157,157,132,160,162,166,135,139,206,220,100,102,141,185,137,137,154,164,123,131,144,150,105,107,149,151
37,1,#37,151,157,132,166,164,166,135,135,206,212,94,104,183,185,137,137,154,156,117,121,150,152,105,105,149,149
38,1,#38,149,157,132,168,162,166,133,141,214,220,100,112,185,185,137,137,154,156,123,125,144,150,105,107,147,149
39,2,#39,151,153,132,160,166,166,137,139,206,206,100,100,185,185,137,139,154,154,123,123,158,160,105,107,149,149
40,1,#40,155,157,132,166,162,166,139,141,206,214,100,114,185,187,137,139,154,156,123,131,152,156,105,115,149,149
41,3,#41,155,157,132,168,158,162,131,143,206,214,100,100,185,185,137,139,154,154,117,117,150,150,105,113,149,151
42,4,#42,157,157,132,164,166,166,137,143,214,214,104,104,141,173,139,139,156,158,117,131,148,148,105,107,149,151
43,5,#43,151,157,132,168,162,166,135,143,206,210,100,100,163,185,137,139,164,164,121,131,138,146,105,105,149,151
44,3,#44,149,151,132,136,166,166,135,145,214,214,94,100,141,185,135,137,164,164,121,123,144,158,105,105,149,149
45,3,#45,149,153,132,154,162,162,141,141,206,210,94,108,141,185,139,139,154,162,123,123,148,150,105,105,147,149
46,2,#46,157,157,148,152,166,166,133,135,206,206,102,108,173,183,137,139,154,162,121,133,150,152,105,105,149,149
47,5,#47,149,151,132,154,166,168,137,141,206,214,100,104,173,173,137,137,166,170,117,121,148,148,105,107,149,151
48,1,#48,157,157,132,166,162,164,135,141,210,214,94,100,155,185,133,137,154,164,121,125,144,146,105,105,147,149
49,4,#49,157,157,132,132,158,176,131,131,214,214,104,104,141,141,135,139,154,164,131,131,148,148,105,107,149,149
50,1,#50,151,157,132,164,162,166,139,143,206,210,100,100,185,187,137,139,154,164,121,131,144,154,105,107,149,151
51,4,#51,153,157,132,132,162,166,139,139,206,220,100,100,155,161,137,137,164,166,123,131,146,150,111,111,149,149
52,2,#52,149,151,132,164,162,166,139,139,210,214,100,100,161,185,137,139,154,154,117,131,150,156,105,105,149,151
53,1,#53,151,157,132,152,164,166,137,141,206,210,94,100,161,185,137,137,154,176,121,133,150,156,105,105,147,149
54,7,#54,155,157,132,132,162,166,139,145,206,216,94,104,173,185,139,139,154,164,125,131,148,156,103,105,149,149
55,11,#55,151,155,130,132,178,180,137,145,210,218,100,104,177,187,137,137,154,154,121,123,146,148,105,107,149,151
56,1,#56,153,157,132,132,166,180,139,141,206,208,100,102,141,185,137,137,154,164,121,131,144,148,105,111,149,151
57,3,#57,151,157,132,132,166,166,131,141,214,222,100,100,141,187,137,137,154,154,117,117,144,144,107,111,145,149
58,3,#58,151,151,132,166,164,166,131,143,206,206,100,104,185,185,137,139,166,178,117,131,148,148,105,107,145,149
59,1,#59,157,157,132,132,164,166,131,139,206,214,100,104,185,187,137,139,154,164,121,133,148,150,105,111,149,149
60,2,#60,151,157,132,132,166,166,135,143,212,216,100,102,185,185,137,139,154,154,117,123,144,144,105,105,149,151
61,2,#61,153,153,132,132,166,166,137,137,210,210,100,108,161,185,133,139,160,164,121,121,144,148,105,113,149,151
62,2,#62,149,151,132,132,166,166,141,141,206,206,100,104,141,185,137,137,154,162,121,121,144,156,105,105,149,149
63,2,#63,157,157,132,132,166,166,135,135,206,210,100,104,155,185,137,139,164,166,121,123,144,148,105,105,149,149
64,3,#64,149,157,132,132,154,184,141,143,206,206,100,102,173,173,137,139,156,168,117,123,150,150,105,105,149,149
65,1,#65,157,157,132,166,166,168,135,135,206,216,100,114,155,185,137,137,154,164,121,125,148,156,105,113,149,149
66,1,#66,149,157,132,132,162,166,135,135,214,220,94,100,173,185,137,137,154,154,117,123,144,154,105,113,149,151
67,1,#67,149,157,132,164,164,166,137,139,210,214,100,102,183,185,137,139,154,164,121,133,148,148,105,113,149,151
68,3,#68,145,157,132,136,162,172,135,135,206,206,100,100,161,173,137,137,164,170,125,131,148,154,105,107,149,149
69,1,#69,153,157,132,164,166,180,135,139,206,210,100,100,141,185,137,137,154,156,123,125,144,156,105,105,149,151
70,2,#70,157,157,132,132,166,166,137,137,210,214,100,102,141,141,137,137,154,156,121,123,148,148,105,105,149,149
71,1,#71,155,157,132,132,166,182,137,143,206,218,94,100,183,185,137,139,154,154,117,121,144,152,103,105,149,151
72,4,#72,155,157,132,158,162,166,135,139,210,214,100,108,161,185,139,139,154,164,123,131,148,150,105,105,149,151
73,3,#73,149,157,132,154,162,166,141,141,212,220,100,100,141,161,137,137,166,170,123,123,152,152,105,105,149,151
74,5,#74,149,155,132,132,162,166,133,137,214,214,100,104,183,185,137,137,164,178,117,121,150,154,105,105,149,151
75,5,#75,151,153,132,170,162,162,133,137,206,220,94,100,185,185,137,137,154,164,123,125,148,156,105,111,149,149
76,2,#76,151,157,132,134,162,166,135,137,206,214,100,104,141,173,137,137,154,156,121,133,144,144,105,105,149,151
77,1,#77,151,157,132,132,166,180,135,137,206,216,100,104,161,185,137,139,154,166,121,131,148,150,105,111,147,149
78,2,#78,151,153,132,164,162,162,131,141,214,214,100,100,185,185,137,137,164,166,121,123,152,152,103,107,149,149
79,1,#79,151,157,132,136,162,164,135,137,206,206,100,102,173,185,137,137,154,160,117,121,148,156,105,107,149,151
80,3,#80,151,157,132,132,154,182,137,139,212,222,100,104,185,185,137,137,166,178,121,121,150,150,107,113,149,151
81,3,#81,157,157,132,132,166,166,137,141,214,222,102,104,185,185,137,137,164,164,123,123,144,152,105,105,149,149
82,1,#82,149,157,132,154,166,168,137,139,214,220,100,102,173,185,133,137,154,166,117,121,144,148,105,105,149,149
83,1,#83,149,157,132,164,162,166,135,135,206,222,100,104,185,185,137,137,154,164,121,131,146,150,105,113,149,151
84,7,#84,151,157,132,132,166,166,137,137,214,214,104,104,161,185,135,139,164,178,117,121,144,154,103,105,149,149
85,4,#85,157,157,132,132,154,158,135,137,214,222,104,114,177,185,137,137,162,164,123,131,152,156,105,105,149,149
86,2,#86,149,153,132,132,166,166,137,141,208,210,94,102,173,177,137,139,154,154,121,131,152,154,105,105,149,151
87,3,#87,151,157,132,166,164,186,137,137,210,218,100,104,141,185,137,139,154,168,121,121,146,150,105,107,149,149
88,1,#88,151,157,132,136,166,168,137,143,206,218,100,100,141,185,137,137,154,154,117,121,146,152,103,105,145,149
89,6,#89,155,157,136,168,162,162,135,139,210,214,100,104,177,185,137,139,154,170,121,131,144,152,105,105,149,149
90,2,#90,157,157,132,138,166,166,135,139,206,220,104,104,185,185,137,137,154,156,115,121,144,144,105,105,149,149
91,1,#91,157,157,132,136,166,166,135,135,206,210,100,104,141,185,137,139,154,164,121,131,148,156,105,113,149,149
92,4,#92,157,157,132,136,166,166,131,139,206,210,100,104,141,187,137,137,154,154,123,125,148,156,107,107,151,151
93,1,#93,153,157,132,166,164,166,133,137,206,212,100,108,163,185,133,137,154,166,121,121,148,154,105,105,149,149
94,1,#94,153,157,132,164,162,164,135,143,206,216,100,102,141,185,133,137,154,164,121,133,144,156,105,107,149,149
95,2,#95,157,157,132,162,166,166,137,137,206,206,104,114,173,183,137,137,164,164,117,131,146,150,105,105,149,149
96,2,#96,149,151,136,164,154,166,135,139,206,206,102,104,185,185,133,137,154,154,121,123,148,154,105,113,145,149
97,1,#97,153,157,132,166,158,166,131,141,206,206,100,112,173,185,137,139,154,166,121,123,150,156,103,105,149,151
98,1,#98,153,157,132,166,156,166,135,141,206,218,100,106,173,185,137,137,154,156,121,123,150,154,105,105,149,151
99,1,#99,149,157,132,148,164,166,135,141,206,220,100,104,141,185,137,137,154,164,121,133,152,156,105,111,145,149
100,1,#100,155,157,132,164,166,166,135,139,206,210,100,104,185,187,137,137,154,172,123,131,150,152,105,105,149,149
101,1,#101,149,157,132,164,166,180,131,135,206,214,94,104,141,185,137,139,154,154,121,131,150,152,105,105,149,151
102,4,#102,157,157,132,164,166,166,141,141,206,206,100,104,161,187,137,137,154,156,121,121,150,156,105,113,149,151
103,1,#103,151,157,132,132,162,166,135,139,206,210,100,102,141,185,137,139,154,164,117,121,148,156,103,105,149,149
104,4,#104,155,157,136,148,166,166,131,143,206,210,100,100,141,185,133,137,154,164,121,123,148,152,105,105,149,149
105,1,#105,155,157,132,132,164,166,139,141,206,210,100,104,141,185,133,137,154,166,121,131,148,152,105,107,149,149
106,1,#106,155,157,132,136,166,182,135,137,206,214,100,116,173,185,137,139,154,164,121,123,144,148,105,111,149,149
107,2,#107,157,157,132,132,166,166,135,137,206,206,100,104,185,185,137,137,154,154,117,121,156,156,105,107,149,149
108,2,#108,157,157,132,166,166,166,135,143,206,206,100,100,185,185,137,139,164,170,123,123,148,152,105,107,145,147
109,2,#109,151,157,132,166,166,166,137,137,218,220,100,104,185,185,137,137,154,156,117,121,152,152,105,105,149,149
110,1,#110,151,157,132,136,162,166,133,139,206,224,102,104,173,185,137,139,154,162,117,121,148,156,103,105,149,149
111,3,#111,151,157,158,166,166,174,139,139,206,216,100,100,185,187,139,139,154,170,121,123,148,152,105,105,149,151
112,3,#112,149,151,148,164,158,164,143,145,214,214,102,104,185,185,133,137,154,154,117,117,150,150,105,105,151,151
113,4,#113,157,157,132,136,166,166,135,139,206,206,104,112,185,185,137,137,154,156,123,131,148,152,105,107,149,151
114,1,#114,149,157,132,136,162,164,131,139,206,210,100,102,155,185,133,137,154,170,121,121,144,154,105,113,149,151
115,2,#115,157,157,132,132,166,182,133,143,214,214,100,104,161,183,133,139,154,160,123,131,144,154,105,107,145,149
116,2,#116,157,157,132,132,166,166,143,143,210,220,94,100,141,141,137,137,154,164,117,131,152,152,105,105,149,149
117,2,#117,157,157,132,168,166,166,141,149,206,206,100,102,185,185,137,137,154,174,121,121,150,150,105,111,149,149
118,3,#118,151,153,130,148,166,166,137,141,214,220,102,104,173,183,137,137,154,154,117,133,148,148,105,105,149,149
119,2,#119,151,153,132,132,166,166,141,143,214,220,100,100,185,185,137,137,154,154,117,125,148,152,105,113,149,149
120,1,#120,149,157,132,136,166,180,135,139,206,220,94,100,185,185,137,139,154,154,121,123,152,154,105,105,149,149
121,1,#121,153,157,132,170,154,162,135,143,206,214,100,102,141,185,137,137,154,164,121,121,144,150,105,113,149,151
122,3,#122,151,157,132,132,162,164,135,141,206,220,100,106,183,183,137,137,154,164,121,121,148,156,105,111,151,151
123,1,#123,149,157,132,132,166,166,133,139,206,210,100,104,183,185,133,137,154,158,121,133,148,156,105,113,149,151
124,3,#124,155,157,132,136,164,166,135,137,220,220,100,104,161,185,133,139,154,162,121,129,144,152,105,111,145,149
125,3,#125,153,157,132,148,162,166,135,135,206,216,100,100,185,185,133,135,154,154,117,121,152,152,105,105,149,149
126,2,#126,151,151,132,132,166,166,143,143,214,214,100,100,161,161,133,137,156,164,121,131,148,148,105,111,149,149
127,1,#127,155,157,132,152,162,164,131,141,206,216,100,104,141,185,133,137,154,170,121,133,144,148,105,105,149,151
128,4,#128,149,149,132,132,154,162,135,135,220,220,100,100,185,187,133,137,162,166,131,131,148,148,103,107,145,151
129,1,#129,151,157,132,132,166,168,131,141,210,214,100,102,183,185,137,137,154,162,121,123,152,156,105,105,145,149
130,1,#130,151,157,132,132,166,180,135,137,206,208,102,104,173,185,137,139,154,156,121,131,144,148,105,105,149,149
131,5,#131,157,157,132,132,154,156,131,139,214,220,104,104,141,155,139,139,154,178,117,123,148,150,105,113,145,149
132,2,#132,157,157,132,158,158,162,139,141,214,214,104,104,173,185,137,137,164,164,117,133,144,154,105,113,149,149
133,2,#133,151,157,132,132,160,166,135,135,214,220,100,102,161,185,137,139,154,154,117,121,144,156,105,111,145,149
134,1,#134,151,157,132,132,166,168,133,135,214,220,100,104,183,185,137,137,154,166,121,123,148,150,105,107,149,149
135,2,#135,151,157,132,164,164,166,135,137,212,214,94,102,173,185,137,139,154,154,117,123,150,150,105,105,149,151
136,2,#136,151,153,132,132,166,166,137,137,214,214,100,102,185,185,137,137,154,154,123,123,148,148,105,105,149,149
137,2,#137,153,153,132,132,162,164,131,131,206,206,94,100,141,185,137,139,154,168,121,121,148,148,105,105,149,149
138,2,#138,149,157,138,152,162,166,131,133,214,220,100,104,173,173,133,139,160,164,123,123,150,154,111,113,145,149
139,4,#139,151,153,132,132,158,166,133,133,214,216,100,104,141,177,137,137,164,166,123,137,156,156,105,111,147,149
140,10,#140,151,151,132,170,166,166,135,143,206,214,100,112,155,183,137,139,154,174,123,131,144,154,105,111,149,151
141,1,#141,153,157,132,162,164,166,133,141,206,214,100,100,161,185,137,137,154,164,117,121,144,150,105,113,149,151
142,2,#142,157,157,132,132,166,166,131,135,206,206,100,104,185,185,139,139,154,178,123,133,150,152,105,105,149,149
143,1,#143,149,157,132,132,162,166,133,135,206,216,100,100,141,185,137,137,154,164,121,129,150,152,105,105,149,151
144,5,#144,149,149,132,132,162,166,135,139,206,206,104,104,173,185,133,137,154,166,121,121,152,152,105,107,149,151
145,2,#145,149,157,132,168,162,182,139,141,206,206,104,104,141,185,135,137,164,164,121,121,152,152,105,105,149,149
146,2,#146,157,157,132,136,158,162,137,137,214,214,94,104,173,173,137,137,154,154,121,121,144,152,105,105,149,149
147,4,#147,151,157,132,132,162,166,137,141,206,206,102,104,141,183,137,139,154,162,121,131,148,148,105,111,149,149
148,1,#148,153,157,132,160,166,166,135,139,206,210,100,100,141,185,137,137,154,154,123,131,144,150,105,105,149,149
149,1,#149,149,157,132,154,166,166,141,143,206,214,100,104,185,185,137,139,152,154,117,131,148,152,105,107,149,151
150,2,#150,157,157,132,132,164,166,135,135,206,206,100,102,141,141,137,137,154,154,121,121,148,148,105,107,149,149
151,3,#151,151,157,132,132,154,162,137,139,206,214,100,106,141,185,137,137,154,154,123,123,146,156,105,113,149,151
152,2,#152,155,159,132,152,162,180,141,141,206,210,104,104,155,173,137,137,154,166,121,131,152,152,105,113,149,149
153,2,#153,149,153,132,132,154,166,135,135,206,206,100,104,185,185,133,137,154,166,117,117,150,152,105,105,149,149
154,1,#154,151,157,132,162,166,182,135,137,206,214,100,102,155,185,137,137,154,164,117,121,144,148,105,107,149,151
155,1,#155,153,157,132,132,154,166,131,135,206,210,100,104,141,185,137,139,154,164,121,131,144,148,105,105,149,149
156,1,#156,149,157,132,148,158,166,141,143,206,220,100,104,155,185,137,137,154,170,121,121,146,148,105,105,149,151
157,2,#157,157,157,132,168,158,166,135,135,206,206,100,100,185,185,137,139,154,160,121,121,152,152,105,105,149,151
158,1,#158,151,157,132,166,162,166,131,135,206,218,100,108,141,185,137,137,154,178,121,133,146,150,105,105,145,149
159,2,#159,151,157,132,164,156,166,137,141,214,214,104,104,161,185,137,137,160,164,123,123,146,152,105,105,149,149
160,2,#160,155,157,162,166,166,178,133,137,206,216,94,100,185,185,137,137,154,166,117,131,148,152,105,113,149,151
161,2,#161,157,157,132,132,162,166,135,135,206,218,102,104,161,161,133,135,154,154,121,125,152,152,105,105,149,149
162,2,#162,157,157,132,132,166,166,133,133,206,206,102,104,185,185,133,137,154,154,121,121,148,148,105,105,149,151
163,4,#163,149,153,132,164,166,166,133,135,206,206,100,104,161,161,137,139,154,164,121,121,152,156,105,113,149,149
164,1,#164,153,157,132,164,166,166,131,141,210,214,100,104,183,185,137,139,154,164,121,121,150,156,105,107,149,151
165,2,#165,155,157,132,132,166,166,133,135,206,210,100,100,141,141,133,137,164,164,121,123,148,156,105,105,149,151
166,2,#166,151,157,132,132,154,166,135,137,206,206,100,100,173,185,137,137,168,180,117,121,150,156,105,107,145,149
167,3,#167,149,155,132,152,166,166,135,137,206,214,100,104,185,185,137,137,152,166,123,131,152,156,103,105,151,151
168,1,#168,153,157,132,134,166,168,131,137,206,220,100,102,173,185,133,137,154,154,117,121,150,152,105,109,147,149
169,2,#169,157,157,150,166,162,164,133,137,206,206,94,100,173,173,137,137,154,154,117,131,146,150,105,111,149,149
170,1,#170,151,157,132,132,166,166,137,141,206,210,94,104,161,185,137,139,154,178,121,131,148,154,105,105,149,151
171,4,#171,151,151,132,132,162,166,137,139,210,214,100,104,141,187,137,139,156,164,121,121,146,150,105,113,149,149
172,1,#172,153,157,132,132,154,166,133,143,210,214,94,104,141,185,137,137,154,166,121,131,148,154,105,113,149,151
173,5,#173,157,157,132,150,162,164,133,137,206,220,94,100,185,185,137,139,156,164,117,131,146,150,105,111,149,151
174,1,#174,153,157,132,134,166,180,133,139,206,216,100,104,173,185,133,137,154,166,117,131,150,156,105,111,149,151
175,1,#175,157,157,132,164,158,166,131,137,206,214,100,104,173,185,137,139,154,158,121,131,148,152,105,109,149,149
176,1,#176,155,157,132,136,162,164,131,135,206,214,100,114,155,185,137,139,154,162,121,121,150,156,105,111,149,149
177,4,#177,151,157,132,138,162,166,137,139,210,214,102,102,185,185,137,137,154,154,121,123,148,148,105,105,149,151
178,2,#178,153,155,132,160,166,166,133,141,208,220,100,104,185,185,137,137,154,156,117,121,148,152,107,113,149,149
179,2,#179,157,157,132,132,162,166,135,135,210,220,100,100,155,183,133,137,164,170,121,131,144,152,105,111,149,151
180,1,#180,149,157,132,160,162,166,135,139,206,214,100,100,185,185,137,137,154,166,121,133,144,148,105,105,147,149
181,1,#181,157,157,132,132,166,166,131,135,210,214,100,102,185,185,133,139,154,170,125,133,146,150,105,105,149,151
182,6,#182,157,157,132,132,166,166,133,135,206,206,104,108,185,187,133,135,170,180,121,123,148,150,105,105,145,149
183,2,#183,157,157,132,166,162,166,133,135,206,218,104,104,163,185,135,139,154,178,121,121,148,148,105,105,149,149
184,1,#184,151,157,132,136,162,166,137,145,206,214,94,100,141,185,137,137,154,156,123,131,144,148,105,105,149,149
185,4,#185,157,157,132,170,164,164,133,137,206,206,108,114,141,185,137,137,154,154,121,123,144,146,105,107,149,151
186,1,#186,153,157,132,166,158,166,133,137,206,206,100,114,183,185,133,137,154,164,121,131,146,150,105,111,147,149
187,1,#187,157,157,132,136,162,166,135,135,206,214,100,104,141,185,137,139,154,154,121,123,146,148,105,111,149,151
188,2,#188,151,155,132,136,158,162,141,141,210,214,100,112,185,185,137,137,154,156,123,133,148,148,103,111,149,151
189,1,#189,149,157,132,136,158,166,137,141,206,214,94,100,185,185,137,137,154,164,121,125,148,148,105,113,149,151
190,2,#190,151,151,132,132,162,166,135,135,206,206,100,100,141,173,137,137,160,170,123,123,148,152,107,111,147,149
191,1,#191,157,157,132,148,164,166,137,139,206,206,100,104,141,185,133,137,154,166,121,121,90,148,105,107,149,149
192,1,#192,157,157,132,132,162,166,135,143,210,214,94,104,141,185,137,137,154,156,117,121,148,152,105,113,149,149
193,3,#193,157,157,132,136,158,162,131,143,206,210,94,104,141,183,137,137,154,154,117,121,144,152,105,105,149,149
194,1,#194,149,157,132,164,166,166,135,135,206,214,100,102,173,185,137,137,154,154,121,125,146,148,105,113,145,149
195,1,#195,157,157,132,164,162,164,135,137,214,220,100,104,173,185,137,139,154,164,117,121,150,152,105,105,149,149
196,1,#196,153,157,132,132,154,166,135,143,206,214,94,104,183,185,137,139,154,178,123,125,144,148,105,105,149,151
197,1,#197,155,157,132,168,162,166,137,141,206,214,94,104,183,185,137,137,154,162,121,123,146,152,103,105,145,149
198,2,#198,149,157,132,132,164,166,137,139,210,220,100,104,185,185,137,139,154,166,123,125,146,148,105,107,149,151
199,3,#199,149,157,132,132,162,166,133,137,206,220,100,100,185,185,137,139,154,154,117,117,148,152,107,111,149,151
200,2,#200,149,157,132,166,154,158,135,139,202,210,100,104,185,187,137,139,164,170,121,121,148,152,105,111,145,149
201,1,#201,153,157,132,170,162,166,133,139,214,220,100,108,161,185,133,137,154,162,121,133,150,156,105,111,149,151
202,1,#202,155,157,132,132,154,166,135,141,206,214,100,104,141,185,137,139,154,164,117,121,144,156,105,111,149,151
203,1,#203,155,157,132,132,158,166,135,139,206,216,100,106,185,185,137,139,154,164,121,133,148,152,105,105,149,151
204,2,#204,153,157,132,132,166,180,135,141,210,214,94,104,155,173,135,139,154,170,117,131,152,156,105,107,149,149
205,1,#205,157,157,132,162,166,180,135,139,206,216,100,102,161,185,133,137,154,164,121,133,148,150,105,111,149,149
206,1,#206,153,157,132,136,164,166,131,135,206,220,100,104,185,187,137,139,154,166,117,123,148,150,105,113,149,149
207,2,#207,157,157,132,132,162,166,135,135,206,206,100,100,185,185,139,139,164,166,117,117,152,152,105,111,149,149
208,1,#208,153,157,132,168,164,166,133,137,206,212,100,104,155,185,137,137,154,154,121,125,148,152,105,107,145,149
209,1,#209,155,157,132,148,162,164,135,135,206,218,100,114,185,185,137,137,154,154,121,123,144,156,105,105,149,149
210,1,#210,151,157,132,164,166,180,139,143,206,216,100,100,185,185,137,137,154,164,121,133,144,148,105,107,149,149
211,1,#211,153,157,132,134,162,166,135,141,206,216,100,114,141,185,137,139,154,166,121,123,150,156,105,105,145,149
212,1,#212,153,157,132,132,154,166,135,137,206,210,100,104,185,187,137,137,154,170,121,131,146,148,105,111,149,149
213,1,#213,151,157,132,136,154,162,139,141,206,206,94,100,155,185,137,137,154,162,121,123,146,148,105,107,149,151
214,1,#214,153,157,132,136,166,180,135,149,206,220,94,100,185,185,137,139,154,164,121,125,150,152,105,107,149,151
215,1,#215,153,157,132,154,162,166,133,137,206,214,100,108,183,185,137,137,154,154,123,131,150,154,105,105,149,151
216,2,#216,149,157,132,132,162,168,141,141,214,214,100,100,185,185,137,137,154,166,117,121,144,148,105,107,149,151
217,1,#217,153,157,132,136,158,166,131,137,210,214,100,112,141,185,137,137,154,164,121,133,146,148,105,113,149,149
218,1,#218,151,157,132,136,166,180,135,137,206,206,100,102,173,185,137,137,154,164,121,133,146,148,105,111,147,149
219,1,#219,157,157,132,164,162,166,135,141,206,220,100,100,141,185,137,139,154,166,117,121,148,150,105,105,147,149
220,1,#220,153,157,132,132,162,166,135,139,206,214,100,100,173,185,137,137,154,164,117,123,146,148,105,113,149,149
221,1,#221,155,157,132,132,162,166,135,143,206,210,100,102,141,185,137,139,154,164,123,131,148,152,105,111,149,149
222,2,#222,149,157,132,132,166,174,131,141,214,214,94,100,161,161,137,137,154,154,121,123,152,152,105,105,149,149
223,2,#223,153,157,132,132,166,166,135,141,214,214,100,100,173,173,139,139,156,164,121,131,146,156,105,105,149,149
224,3,#224,149,151,132,170,162,166,131,145,214,214,94,104,161,185,137,139,154,154,121,131,154,158,107,113,149,149
225,1,#225,153,157,132,132,164,166,137,143,206,214,100,104,161,185,133,137,154,164,117,121,144,148,105,113,149,149
226,1,#226,153,157,132,166,158,166,137,143,206,214,94,104,161,185,133,137,154,164,117,123,152,156,105,105,149,149
227,1,#227,151,157,132,132,162,166,133,139,206,214,100,104,161,185,133,137,154,164,121,131,148,152,105,113,149,149
228,2,#228,151,151,132,132,164,166,135,147,206,210,94,100,161,185,137,137,154,170,123,131,148,154,105,113,149,149
229,1,#229,157,157,132,132,166,170,135,141,206,210,100,102,141,185,137,139,154,162,123,131,146,152,103,105,149,151
230,2,#230,151,151,132,160,162,162,139,139,206,206,100,100,185,185,137,137,154,156,117,131,156,156,105,105,151,151
231,2,#231,153,153,154,164,166,166,137,137,206,206,104,104,185,185,137,137,160,164,123,123,148,148,105,105,149,149
232,1,#232,151,157,132,136,162,166,133,135,206,216,94,104,173,185,137,137,154,178,121,133,148,156,105,111,149,149
233,1,#233,149,157,132,154,154,162,133,137,206,218,102,104,185,187,133,137,154,164,117,121,144,148,105,113,149,151
234,1,#234,157,157,132,148,162,166,135,141,214,220,100,104,177,185,137,139,154,164,121,123,146,150,105,105,149,149
235,1,#235,157,157,132,136,154,166,137,139,206,206,100,114,183,185,133,137,154,162,121,121,152,154,105,111,147,149
236,2,#236,151,153,132,160,164,166,137,137,206,216,94,104,141,161,139,139,156,160,121,123,152,152,105,105,145,149
237,2,#237,151,151,132,132,158,164,135,135,214,214,100,102,141,187,137,139,154,156,121,121,144,148,103,105,149,149
238,1,#238,153,157,132,132,158,166,135,141,206,214,100,104,161,185,137,139,154,170,121,123,148,150,105,111,149,149
239,3,#239,153,157,132,132,166,180,135,135,206,214,104,108,185,185,137,137,154,154,123,123,150,150,105,111,147,149
240,1,#240,157,157,132,132,166,166,137,139,210,214,100,102,141,185,137,137,154,154,117,121,148,152,105,113,149,151
241,1,#241,153,157,132,132,166,174,133,141,206,214,100,108,173,185,137,139,154,164,117,121,152,154,105,107,149,151
242,2,#242,153,157,132,136,158,166,141,143,206,210,100,104,141,185,137,137,162,166,121,121,148,158,105,105,149,149
243,1,#243,153,157,132,132,166,166,135,137,206,220,100,114,141,185,137,139,154,156,117,123,144,156,105,107,149,151
244,2,#244,149,153,132,136,166,166,131,145,206,206,100,100,141,173,137,137,154,164,121,123,144,146,105,113,147,151
245,1,#245,153,157,132,132,166,180,133,135,206,210,100,104,183,185,133,137,154,178,121,129,146,148,105,107,149,151
246,1,#246,151,157,132,136,166,182,131,135,210,214,100,102,155,185,137,137,154,164,121,131,148,150,105,105,147,149
247,1,#247,151,157,132,136,164,166,133,135,206,220,100,102,163,185,133,137,154,164,121,125,144,150,105,105,149,149
248,1,#248,153,157,132,170,166,174,131,137,206,220,100,104,183,185,137,139,154,154,123,131,148,156,105,107,149,149
249,1,#249,149,157,132,150,166,166,133,139,206,206,94,104,173,185,137,139,154,164,121,123,146,150,105,105,147,149
250,2,#250,151,155,132,152,162,162,137,137,206,206,100,104,161,163,133,139,164,170,121,123,90,150,105,105,145,151
251,1,#251,151,157,132,168,158,166,131,135,206,214,100,104,141,185,137,139,154,164,121,121,146,150,105,107,149,149
252,1,#252,149,157,132,164,166,180,135,143,214,220,100,100,185,187,137,137,154,154,117,121,148,158,105,107,149,151
253,1,#253,151,157,132,148,162,166,133,141,206,214,94,100,185,185,137,139,154,156,121,121,150,156,105,105,149,149
254,1,#254,153,157,132,164,162,166,137,141,206,220,100,104,173,185,137,137,154,164,121,123,148,148,105,105,149,151
255,1,#255,151,157,132,132,166,186,137,139,206,218,100,108,161,185,137,137,154,166,117,123,148,148,105,107,149,149
256,1,#256,153,157,132,136,166,180,133,137,206,210,100,108,183,185,137,139,154,166,121,123,150,154,105,107,145,149
257,3,#257,151,155,132,148,162,162,135,141,214,214,104,104,163,173,137,139,154,164,117,117,150,150,105,107,149,149
258,2,#258,151,157,132,166,162,162,139,139,206,218,100,100,141,187,137,137,154,164,117,117,146,154,105,105,149,149
259,1,#259,149,157,132,136,166,166,133,141,206,214,100,102,141,185,133,137,154,154,121,133,148,148,105,107,149,151
260,1,#260,153,157,132,164,162,164,137,139,206,216,100,104,185,187,137,139,154,166,121,125,152,154,105,113,145,149
261,1,#261,151,157,132,136,162,166,131,137,206,210,100,102,185,185,137,137,154,174,121,121,150,156,105,105,149,149
262,1,#262,153,157,132,136,166,182,131,135,206,220,100,104,163,185,137,139,154,164,121,125,150,152,105,105,149,149
263,1,#263,157,157,132,154,154,162,137,143,206,222,94,100,183,185,137,139,154,170,121,131,146,148,105,105,149,151
264,1,#264,149,157,132,132,162,166,135,139,214,220,94,100,141,185,133,137,154,154,123,131,148,156,105,113,149,151
265,1,#265,151,157,132,170,166,166,137,143,206,214,94,100,141,185,133,137,154,166,121,137,144,150,105,105,145,149
266,2,#266,157,157,132,136,166,168,135,137,208,220,100,104,173,183,137,137,154,154,117,125,152,156,103,105,145,149
267,1,#267,151,157,132,166,166,180,137,139,206,210,100,112,173,185,137,139,154,166,117,123,150,152,105,111,149,151
268,1,#268,151,157,132,136,166,166,135,135,206,214,100,102,173,185,137,137,154,164,121,133,144,150,105,105,149,151
269,1,#269,155,157,132,136,162,164,135,141,206,206,100,104,141,185,137,139,154,162,117,131,148,152,105,113,149,151
270,1,#270,149,157,132,164,166,166,137,141,206,210,94,104,161,185,133,137,154,164,121,125,144,148,105,111,149,149
271,2,#271,149,157,132,132,164,166,141,145,214,214,100,100,161,173,139,139,164,164,121,121,152,156,105,105,149,149
272,6,#272,153,157,132,152,166,166,137,137,208,220,100,100,141,185,137,137,156,164,117,123,144,150,105,113,145,149
273,1,#273,151,157,132,132,166,166,133,135,206,220,102,104,141,185,137,139,154,162,121,121,150,152,105,105,149,149
274,1,#274,153,157,132,152,162,166,135,139,206,208,94,104,185,187,137,137,154,162,117,131,144,148,105,113,149,151
275,5,#275,157,157,132,152,154,164,131,137,206,214,104,104,185,185,137,137,154,154,121,123,148,150,105,113,145,151
276,1,#276,151,157,132,132,164,166,135,137,206,220,94,100,173,185,137,139,154,160,121,131,144,148,105,105,149,151
277,2,#277,151,151,132,136,164,166,131,143,206,206,104,104,185,185,139,139,166,178,117,117,138,152,105,107,145,149
278,1,#278,149,157,132,166,162,166,139,143,206,214,100,100,141,185,137,137,154,170,123,125,148,158,105,113,149,151
279,3,#279,151,157,132,132,162,162,131,137,206,210,100,108,155,183,137,137,154,170,117,117,150,150,105,107,147,149
280,1,#280,149,157,132,164,162,166,133,135,206,218,100,102,161,185,137,139,154,170,121,131,144,148,105,107,149,151
281,2,#281,153,157,132,132,166,166,135,143,206,214,102,104,161,173,137,137,164,164,121,121,152,152,105,105,147,151
282,2,#282,153,157,132,132,162,164,139,141,208,210,100,102,155,183,137,137,154,154,121,125,148,152,105,113,149,149
283,2,#283,151,157,132,132,178,186,139,139,214,214,94,100,185,187,137,137,154,164,123,131,148,156,105,107,149,149
284,1,#284,149,157,132,148,162,166,131,137,206,212,94,104,173,185,137,139,154,166,117,123,148,152,105,111,149,149
285,1,#285,153,157,132,162,154,162,135,137,206,210,100,102,185,187,137,139,154,164,121,133,146,150,105,105,149,151
286,1,#286,149,157,132,132,154,162,137,143,206,210,100,104,183,185,133,137,154,166,121,131,148,156,105,111,149,151
287,2,#287,151,157,132,136,162,162,141,141,206,206,100,104,161,173,137,137,156,158,121,131,148,148,107,111,149,151
288,5,#288,149,151,166,170,154,162,135,135,214,224,100,102,155,173,137,139,154,164,121,121,150,156,113,113,149,149
289,7,#289,153,155,132,168,164,166,133,143,214,216,100,104,141,183,137,137,154,154,131,133,150,152,105,111,149,151
290,3,#290,157,157,132,162,162,162,131,137,206,206,100,100,155,161,133,139,156,166,117,123,148,148,105,105,147,149
291,2,#291,149,151,132,132,162,162,135,141,206,206,94,102,185,185,137,137,154,154,123,123,148,152,105,113,149,149
292,3,#292,151,157,132,132,154,166,137,139,206,216,94,104,161,173,137,137,164,166,121,121,148,152,105,105,149,149
293,1,#293,151,157,132,148,162,166,135,141,206,206,100,108,185,185,133,137,154,166,121,125,148,152,105,113,149,149
294,3,#294,157,157,132,132,154,164,133,139,202,220,104,104,185,185,137,139,154,156,131,131,148,148,107,111,145,149
295,1,#295,153,157,132,150,166,166,135,141,206,220,94,100,173,185,137,137,154,164,117,121,148,150,105,105,149,151
296,1,#296,151,157,132,132,166,180,135,141,202,206,100,100,185,187,133,137,154,164,121,123,144,148,105,111,149,149
297,2,#297,151,151,132,136,166,170,137,137,206,212,94,100,155,187,133,137,154,154,121,121,148,148,105,107,149,151
298,1,#298,157,157,132,132,162,164,133,141,206,214,94,100,141,185,133,137,154,164,123,131,148,150,105,105,149,151
299,4,#299,149,155,132,132,162,162,139,141,206,214,94,102,141,141,137,137,156,168,123,123,148,150,107,107,149,151
300,1,#300,149,157,132,148,158,166,135,139,206,214,94,100,163,185,133,137,154,164,121,131,144,156,105,111,149,151
301,1,#301,153,157,132,162,158,166,131,139,206,220,100,102,155,185,133,137,154,164,117,121,148,154,105,105,149,151
302,1,#302,151,157,132,134,162,166,133,135,206,218,100,100,155,185,137,137,154,166,117,123,144,152,105,107,149,151
303,1,#303,149,157,132,158,166,168,137,141,206,206,100,108,183,185,137,139,154,156,117,121,148,156,105,107,149,149
304,2,#304,157,157,132,136,166,182,135,139,206,218,100,102,177,185,137,137,154,154,121,121,144,152,105,107,149,149
305,1,#305,153,157,132,164,162,164,135,137,206,220,100,102,141,185,137,137,154,164,123,131,148,148,105,107,145,149
306,2,#306,157,157,132,132,166,166,137,137,214,214,100,102,185,185,137,137,154,160,117,117,152,152,105,107,149,149
307,2,#307,157,157,132,168,162,162,133,143,206,206,94,100,185,185,137,139,154,170,121,121,144,148,107,111,149,149
308,1,#308,153,157,132,148,158,166,131,139,206,220,100,116,141,185,137,137,154,170,123,131,146,150,105,105,149,149
309,2,#309,157,157,132,154,162,162,135,135,206,218,104,104,141,141,139,139,154,160,121,125,150,150,107,111,149,149
310,1,#310,151,157,132,136,166,166,133,135,206,220,94,104,185,185,137,139,154,156,123,131,150,152,105,111,145,149
311,1,#311,157,157,132,132,154,166,139,143,206,210,100,104,173,185,137,139,154,170,117,123,148,154,105,107,149,149
312,1,#312,155,157,132,136,158,166,131,141,206,216,100,108,161,185,137,139,154,164,117,121,144,148,103,105,149,151
313,1,#313,155,157,132,132,162,164,137,143,206,214,102,104,141,185,137,139,154,162,117,121,148,150,105,105,149,151
314,1,#314,149,157,132,166,158,166,131,139,206,216,100,102,163,185,137,139,154,170,121,131,150,154,105,111,149,151
315,2,#315,151,157,132,164,162,166,131,137,214,214,104,104,185,185,137,139,154,174,117,121,146,152,105,105,149,149
316,2,#316,151,151,132,132,166,174,135,135,206,206,100,100,185,185,137,137,156,166,123,131,152,152,105,111,149,149
317,2,#317,157,157,132,164,162,170,135,141,214,218,100,100,173,173,137,137,154,166,129,133,144,146,105,105,147,151
318,1,#318,149,157,132,166,162,166,133,139,206,220,100,100,141,185,137,137,154,166,121,133,148,150,105,105,149,149
319,2,#319,157,157,132,132,158,166,135,135,212,220,100,100,141,141,137,137,164,164,123,123,148,148,105,105,149,149
320,1,#320,151,157,132,166,166,180,131,141,206,210,94,104,185,185,137,139,154,170,121,133,148,152,105,105,145,149
321,1,#321,149,157,132,132,162,164,131,135,206,214,100,104,185,185,137,139,154,154,121,123,146,150,105,113,149,149
322,1,#322,149,151,132,132,164,166,135,139,210,214,104,104,141,185,135,137,154,170,121,131,146,148,105,113,149,151
323,1,#323,151,157,132,164,162,166,135,137,206,208,94,104,183,185,133,137,154,164,117,121,144,148,105,107,149,151
324,1,#324,151,157,132,132,162,166,133,143,206,214,100,102,155,185,137,139,154,164,121,121,146,150,105,107,149,151
325,1,#325,149,157,132,132,154,166,135,141,206,206,100,108,141,185,133,137,154,160,121,133,144,146,105,105,147,149
326,1,#326,151,157,132,170,162,166,131,139,206,220,100,102,161,185,137,139,154,170,121,131,144,148,105,107,149,151
327,1,#327,151,157,132,132,158,166,137,139,206,216,100,106,185,185,137,139,154,166,123,131,144,148,105,107,149,149
328,1,#328,149,157,132,166,154,162,135,141,206,210,102,104,185,185,137,139,154,154,123,131,148,158,105,113,149,149
329,1,#329,151,157,132,132,164,166,131,137,206,210,100,108,185,187,137,137,154,162,121,131,148,148,105,105,149,151
330,2,#330,151,151,132,148,164,166,135,135,206,214,100,100,141,161,137,137,154,154,123,123,148,148,105,105,149,149
331,1,#331,153,157,132,132,158,166,133,143,206,208,94,100,141,185,137,139,154,166,121,131,148,150,103,105,149,151
332,1,#332,151,157,132,132,166,166,139,143,206,220,100,104,155,185,133,137,154,164,121,121,144,150,105,113,147,149
333,2,#333,153,157,132,132,164,168,137,141,206,210,100,100,163,181,137,139,156,162,117,131,146,152,103,107,149,151
334,1,#334,153,157,132,132,162,166,133,137,206,220,94,100,173,185,137,139,154,154,117,131,146,148,105,105,147,149
335,1,#335,149,157,132,156,154,162,133,135,206,214,100,104,141,185,133,137,154,156,117,121,146,148,105,111,145,149
336,2,#336,157,157,154,166,162,162,137,141,206,206,104,108,161,185,137,137,154,156,123,123,148,148,105,105,147,151
337,1,#337,151,157,132,134,154,166,135,135,206,220,100,102,173,185,137,139,154,166,121,123,146,148,105,113,149,151
338,1,#338,151,157,132,148,166,166,135,135,206,220,94,104,177,185,137,137,154,164,121,131,148,152,105,113,149,151
339,2,#339,151,153,132,150,166,166,135,141,206,206,104,104,161,161,137,137,154,172,121,121,148,148,103,111,149,149
340,2,#340,151,157,132,154,166,166,139,141,206,210,100,116,185,185,139,139,154,154,123,125,150,154,107,113,149,149
341,1,#341,149,157,132,136,166,166,135,137,206,206,94,100,141,185,137,137,154,166,121,131,146,150,105,105,145,149
342,1,#342,157,159,132,152,158,166,137,143,206,210,100,100,185,187,137,139,154,160,121,123,148,154,105,111,149,151
343,1,#343,157,157,132,132,154,166,131,135,206,210,94,100,183,185,137,139,154,166,121,123,148,150,105,111,149,151
344,2,#344,149,157,132,132,162,166,137,137,214,216,94,104,141,173,135,137,154,162,121,131,144,154,105,111,149,149
345,5,#345,153,157,132,164,166,166,133,139,206,220,100,102,173,185,137,139,154,156,123,123,146,156,105,105,149,149
346,1,#346,151,157,132,132,164,166,135,137,206,206,100,102,183,185,137,139,154,162,117,131,148,148,105,107,149,151
347,1,#347,155,157,132,136,154,166,139,143,206,218,94,104,183,185,137,139,154,156,121,131,148,150,105,107,149,151
348,1,#348,155,157,132,132,162,164,133,135,210,214,94,104,183,185,133,137,154,164,121,123,150,154,105,105,149,151
349,1,#349,157,157,132,136,162,166,135,135,206,220,100,100,185,187,137,137,154,164,121,123,146,152,105,107,149,151
350,1,#350,149,157,132,132,162,166,135,141,206,210,100,104,185,187,137,139,154,166,123,131,148,150,105,111,149,149
351,2,#351,157,157,132,152,164,166,139,139,214,218,104,104,161,185,137,137,154,164,123,133,144,144,103,109,149,149
352,1,#352,157,157,132,132,166,182,133,135,206,214,94,104,141,185,137,139,154,164,117,121,144,150,105,113,149,151
353,2,#353,149,157,132,132,162,162,135,145,214,214,100,100,161,161,133,137,154,162,121,133,148,150,105,111,149,149
354,1,#354,149,157,132,132,164,166,137,141,210,214,100,104,185,187,137,137,154,166,121,133,150,154,105,107,147,149
355,2,#355,157,157,136,166,162,166,131,137,206,206,100,104,161,185,137,139,154,156,123,133,150,150,105,111,149,149
356,3,#356,149,157,132,132,162,168,143,143,206,206,100,104,141,173,137,139,162,164,123,131,148,150,105,105,151,151
357,1,#357,157,157,132,166,154,162,135,141,206,210,100,100,141,185,137,139,154,164,117,131,148,150,105,113,147,149
358,1,#358,151,157,132,152,154,166,135,141,206,216,100,104,141,185,137,137,154,164,117,131,144,152,105,107,149,151
359,2,#359,157,157,132,132,158,162,137,137,210,210,100,100,141,141,137,137,154,154,117,117,148,148,107,111,149,149
360,2,#360,151,151,132,154,166,166,133,133,206,206,100,102,185,187,137,137,154,156,121,121,150,150,105,111,149,149
361,2,#361,153,157,132,132,154,170,133,141,214,222,104,104,173,183,137,137,154,178,117,123,152,152,105,111,147,151
362,1,#362,151,157,132,132,166,188,137,139,206,212,94,100,185,187,137,137,154,178,121,125,144,148,103,105,149,149
363,1,#363,153,157,132,138,164,166,131,135,206,214,100,114,185,185,137,137,154,166,121,133,148,156,105,105,149,151
364,2,#364,149,157,132,132,154,166,135,135,212,214,100,100,161,185,137,137,154,160,123,131,148,148,105,105,147,149
365,1,#365,151,157,132,166,162,166,131,135,206,214,100,102,183,185,137,139,154,164,121,123,148,152,105,107,149,151
366,2,#366,151,151,132,132,166,166,135,135,206,214,100,102,185,185,137,137,154,166,121,121,148,148,103,105,149,149
367,1,#367,153,157,132,170,158,166,135,135,206,214,100,116,141,185,137,137,154,170,121,131,148,150,105,111,147,149
368,1,#368,151,157,132,148,162,166,137,141,214,220,94,104,161,185,137,139,154,162,121,121,144,154,105,107,149,149
369,1,#369,155,157,132,168,154,162,139,141,206,214,100,104,161,185,137,137,154,162,121,131,150,156,105,111,149,149
370,2,#370,157,157,134,160,158,162,131,137,214,214,104,108,161,185,133,137,154,154,125,131,146,152,105,107,149,149
371,3,#371,149,151,132,132,166,168,137,141,206,206,100,100,141,141,137,137,164,164,117,121,148,148,107,107,151,151
372,2,#372,153,155,132,132,164,166,137,141,206,220,100,104,161,161,137,139,154,164,121,131,154,158,103,105,149,151
373,1,#373,151,157,132,132,166,166,131,135,206,210,100,106,141,185,137,139,154,162,117,131,150,152,105,113,149,149
374,1,#374,157,157,132,170,162,166,141,143,206,212,100,104,141,185,137,139,154,164,121,131,146,150,105,111,149,149
375,1,#375,157,157,132,162,166,184,135,141,206,216,100,104,155,185,137,139,154,154,117,123,144,156,105,107,149,149
376,1,#376,151,157,132,132,162,166,135,139,206,210,100,104,141,185,137,139,154,156,121,123,150,152,105,111,149,151
377,1,#377,157,157,132,166,162,166,135,137,206,214,100,102,185,185,137,137,154,166,121,125,144,148,105,105,149,149
378,1,#378,153,157,132,136,162,166,135,137,206,210,94,100,183,185,137,139,154,166,121,131,148,148,105,107,149,149
379,2,#379,157,157,132,164,162,166,135,141,206,214,100,104,185,187,133,137,154,154,121,131,150,154,105,111,149,151
380,3,#380,157,157,132,168,162,166,131,139,206,220,104,104,141,163,137,137,156,164,123,123,146,148,105,105,145,149
381,1,#381,149,157,132,132,166,168,133,135,206,206,94,100,185,185,137,139,154,164,117,121,146,152,105,111,149,151
382,1,#382,153,157,132,164,162,166,141,143,206,210,100,100,141,185,133,137,154,166,121,133,150,152,105,107,149,149
383,1,#383,153,157,132,166,166,166,133,137,214,220,100,104,161,185,137,137,154,164,123,131,144,154,105,111,149,151
384,2,#384,149,153,132,148,164,166,133,137,210,210,104,104,141,187,137,139,160,164,117,117,90,152,105,105,149,149
385,1,#385,149,157,132,134,154,166,131,137,210,214,102,104,173,185,137,137,154,164,117,131,148,154,105,105,149,151
386,1,#386,153,157,132,164,162,166,135,137,206,210,100,102,185,185,137,137,154,164,121,129,148,150,105,111,149,149
387,2,#387,149,153,132,132,158,166,133,135,206,206,94,100,185,185,137,137,164,164,121,121,148,154,105,105,149,149
388,1,#388,151,157,132,136,166,180,137,139,206,208,100,104,185,185,137,137,154,164,121,123,150,156,105,107,147,149
389,1,#389,149,157,132,166,162,166,135,141,206,220,100,100,141,185,133,137,154,170,121,123,144,156,105,107,145,149
390,2,#390,153,157,132,152,164,166,135,141,214,214,100,100,155,185,137,139,164,178,117,123,144,148,107,113,149,149
391,2,#391,151,151,132,132,166,180,139,141,206,210,104,108,161,185,137,139,154,164,121,123,144,156,105,113,145,151
392,1,#392,151,157,132,170,162,166,135,135,206,208,100,100,173,185,137,139,154,156,117,131,144,156,105,107,149,151
393,2,#393,157,157,132,170,164,166,135,135,206,214,100,116,141,185,137,137,164,164,121,133,144,148,105,105,149,149
394,1,#394,157,157,132,158,158,166,135,135,206,220,100,100,161,185,137,139,154,154,123,125,144,148,103,105,149,151
395,1,#395,149,151,132,132,164,166,135,139,210,214,104,104,141,185,135,137,154,170,121,131,146,148,105,113,149,151
396,1,#396,157,157,132,154,154,166,137,139,206,214,100,104,155,185,137,137,154,162,121,129,148,148,105,111,149,151
397,1,#397,153,157,132,136,166,166,135,139,206,214,100,100,141,185,137,139,154,162,121,123,148,156,105,111,149,149
398,1,#398,153,157,132,164,166,180,133,139,206,206,94,104,173,185,137,139,154,162,121,125,144,150,105,107,149,149
399,1,#399,153,157,132,136,166,168,135,139,206,214,100,102,141,185,137,137,154,178,121,133,152,154,105,107,149,151
400,1,#400,149,157,132,160,162,166,137,143,206,214,100,102,155,185,137,139,154,154,117,121,144,148,103,105,145,149
401,3,#401,157,157,132,132,166,168,131,139,206,220,100,100,185,185,137,137,154,164,121,123,152,154,105,105,147,151
402,1,#402,157,157,132,164,166,180,133,135,206,206,100,102,173,185,137,139,154,156,121,125,146,152,105,105,149,151
403,2,#403,149,151,136,152,166,166,135,139,206,206,100,104,163,185,135,137,154,164,117,131,148,152,105,105,145,149
404,1,#404,149,157,132,132,164,166,135,135,206,214,100,104,183,185,137,139,154,164,123,125,148,154,105,111,149,149
405,1,#405,153,157,132,132,162,166,133,135,206,212,100,104,161,185,137,137,154,154,123,131,144,152,105,105,149,151
406,2,#406,157,157,132,132,166,166,135,135,206,214,100,100,173,187,137,137,154,154,117,117,156,156,105,105,149,151
407,1,#407,149,157,132,154,166,166,135,141,206,206,100,116,161,185,137,139,154,162,121,133,152,154,105,111,149,151
408,2,#408,151,151,132,132,154,166,137,137,206,206,94,104,173,183,137,139,154,162,121,121,144,150,105,113,147,151
409,1,#409,149,157,132,166,166,166,137,139,214,220,100,104,183,185,137,137,154,166,121,131,148,156,105,105,149,151
410,6,#410,157,157,132,166,162,166,133,141,206,206,104,104,141,185,137,137,158,164,117,131,144,144,105,105,149,151
411,2,#411,151,157,132,166,166,166,137,139,206,220,100,100,141,185,137,139,154,162,131,133,152,152,105,113,147,149
412,2,#412,157,157,132,132,166,178,131,131,214,214,104,104,141,141,137,137,154,154,117,125,152,154,105,105,149,149
413,1,#413,151,157,132,136,166,180,139,143,206,220,94,100,185,187,137,139,154,170,121,133,148,152,105,111,149,151
414,2,#414,151,151,132,132,162,162,137,137,214,214,104,104,155,185,137,139,154,154,121,121,150,158,105,105,145,149
415,1,#415,151,157,132,136,164,166,133,137,206,216,100,104,141,185,137,137,154,154,117,131,144,150,105,107,149,149
416,1,#416,157,157,132,154,166,170,135,137,206,214,100,102,163,185,137,139,154,168,117,123,148,154,105,107,149,149
417,2,#417,157,157,132,132,166,166,141,141,214,214,100,102,155,161,137,137,154,154,121,123,144,144,105,111,149,151
418,4,#418,155,157,132,168,158,162,131,143,206,214,100,100,185,185,137,137,154,166,123,123,144,150,105,105,149,149
419,2,#419,151,151,136,150,162,180,133,139,206,210,100,104,161,161,133,139,154,164,121,121,150,154,105,111,147,149
420,2,#420,151,157,132,136,164,180,135,137,206,206,100,102,155,185,137,139,164,178,121,121,146,148,103,107,149,151
421,1,#421,157,157,132,160,158,166,135,135,206,206,100,102,155,185,137,137,154,154,117,131,150,154,105,107,149,149
422,1,#422,157,157,132,132,166,166,131,135,210,214,100,102,185,185,133,139,154,170,125,133,146,150,105,105,149,151
423,1,#423,149,157,132,154,162,166,137,139,206,224,94,104,141,185,137,139,154,170,121,125,150,152,105,107,149,151
424,1,#424,153,157,132,132,166,168,137,139,206,214,100,102,173,185,133,137,154,168,117,121,144,156,105,105,145,149
425,1,#425,149,157,132,148,164,166,135,141,206,206,100,102,183,185,133,137,154,164,117,121,150,152,105,111,149,151
426,1,#426,151,157,132,132,166,166,137,139,206,206,100,108,173,185,137,137,154,156,117,121,144,156,105,107,147,149
427,1,#427,155,157,132,136,166,168,139,141,206,214,102,104,185,185,137,137,154,166,123,131,144,154,105,113,149,149
428,1,#428,155,157,132,136,166,166,133,139,206,218,100,102,141,185,137,139,154,154,117,121,146,148,105,105,149,149
429,1,#429,157,157,132,136,166,166,135,139,206,214,100,112,141,185,133,137,154,170,121,123,146,148,105,105,149,151
430,2,#430,151,153,132,132,166,166,137,141,206,206,100,102,141,141,137,137,162,164,117,117,150,150,105,107,151,151
431,1,#431,155,157,132,164,166,180,133,143,206,218,100,100,173,185,137,139,154,156,121,125,144,148,105,105,147,149
432,2,#432,151,157,132,132,166,178,137,147,206,206,104,104,141,141,137,137,154,154,125,131,144,148,105,105,151,151
433,1,#433,149,157,132,168,166,168,133,137,206,220,94,100,183,185,137,139,154,164,121,131,144,152,105,107,149,151
434,1,#434,153,157,132,160,164,166,141,143,206,206,100,104,173,185,137,139,154,162,121,131,148,152,103,105,149,151
435,1,#435,157,157,132,170,162,166,137,141,206,214,100,116,141,185,137,139,154,154,121,131,150,154,105,107,145,149
436,2,#436,149,151,132,132,162,166,137,137,206,220,100,104,141,155,135,137,154,170,123,131,144,152,111,113,151,151
437,1,#437,157,157,132,136,166,168,133,141,206,206,94,100,183,185,137,137,154,166,117,121,144,150,105,105,149,149
438,1,#438,153,157,132,166,158,166,135,141,206,214,100,104,185,187,133,137,154,162,117,121,144,148,105,105,149,149
439,3,#439,157,157,166,168,166,166,133,137,206,214,94,100,183,185,139,139,164,170,121,123,148,148,105,105,149,149
440,2,#440,149,157,132,164,164,180,137,139,206,206,100,100,185,185,137,139,154,166,121,121,152,152,105,107,149,149
441,2,#441,149,153,132,132,166,166,135,135,206,216,100,100,183,185,133,137,154,154,121,121,150,154,105,105,149,149
442,1,#442,155,157,130,132,166,180,135,141,206,214,100,102,185,185,137,139,154,166,121,125,144,148,105,105,147,149
443,1,#443,155,157,132,136,164,166,137,141,210,214,100,104,185,187,137,137,154,154,121,123,148,156,105,105,149,151
444,1,#444,151,157,132,134,164,166,137,139,206,214,100,102,185,187,137,139,154,166,121,131,144,146,105,105,149,149
445,1,#445,157,157,132,132,166,168,135,137,206,216,100,104,141,185,137,137,154,164,121,133,150,152,105,111,149,149
446,2,#446,149,157,132,132,154,162,139,141,206,206,104,104,141,185,137,139,154,154,117,133,144,156,105,105,149,149
447,1,#447,153,157,132,136,166,170,135,139,206,214,100,104,183,185,137,139,154,166,121,131,148,150,103,105,147,149
448,1,#448,157,157,132,132,166,168,135,141,206,210,94,100,141,185,137,137,154,154,123,131,144,150,105,105,149,149
449,1,#449,151,157,132,160,154,166,131,135,206,214,100,104,183,185,137,139,154,154,123,131,148,148,105,107,149,151
450,1,#450,153,157,132,132,158,166,133,139,206,206,94,100,141,185,137,139,154,170,117,121,148,152,105,111,149,149
451,1,#451,151,157,132,132,154,162,139,143,206,220,100,108,141,185,137,137,154,162,121,131,150,152,103,105,145,149
452,1,#452,157,157,132,166,162,166,133,139,206,210,102,104,161,185,137,139,154,170,117,121,148,156,105,111,147,149
453,2,#453,157,157,132,132,166,180,135,135,214,220,94,104,141,185,137,139,154,154,131,131,148,156,105,113,149,151
454,3,#454,157,157,132,162,162,162,135,135,208,218,94,94,141,185,133,137,154,156,121,123,150,150,105,105,145,151
455,1,#455,153,157,132,132,162,166,133,135,210,214,94,100,185,185,137,139,154,156,117,121,144,152,105,105,149,149
456,1,#456,153,157,132,148,164,166,131,135,206,212,100,100,183,185,137,137,154,166,121,123,148,154,105,105,147,149
457,2,#457,157,157,132,132,154,166,135,135,206,210,100,100,161,161,137,137,164,164,121,125,148,148,105,107,149,149
458,1,#458,151,157,132,166,166,180,135,137,206,210,94,100,155,185,137,139,154,154,117,121,148,158,105,105,147,149
459,2,#459,151,157,132,132,162,166,135,135,206,216,100,102,185,185,139,139,154,154,121,121,144,156,105,105,147,149
460,2,#460,157,157,132,132,166,166,143,143,214,214,104,104,185,185,139,139,158,170,121,121,148,150,105,105,149,149
461,1,#461,157,157,132,134,154,162,139,141,206,214,102,104,185,187,133,137,154,178,121,131,148,148,103,105,149,151
462,1,#462,151,157,132,136,166,166,137,139,206,210,100,100,141,185,137,139,154,164,117,121,152,154,103,105,149,151
463,1,#463,153,157,132,160,154,162,131,135,214,220,100,104,141,185,137,137,154,154,123,125,152,156,105,107,147,149
464,2,#464,151,155,132,132,162,162,137,139,214,214,100,114,185,185,137,137,154,156,121,121,156,158,111,113,149,149
465,1,#465,149,157,132,136,166,170,131,137,206,214,100,108,173,185,133,137,154,166,121,133,146,148,105,113,149,149
466,1,#466,151,157,132,136,164,166,135,141,206,214,102,104,173,185,137,139,154,164,121,123,144,154,105,113,145,149
467,1,#467,155,157,132,136,154,162,137,139,206,206,100,106,183,185,137,137,154,154,121,121,144,150,105,105,149,149
468,1,#468,151,157,132,132,162,166,133,139,206,220,100,104,185,187,137,139,154,162,121,125,144,154,105,111,149,151
469,1,#469,151,157,132,154,164,166,133,139,206,216,94,100,185,187,133,137,154,164,123,125,144,148,103,105,149,149
470,2,#470,151,151,132,170,162,166,133,143,206,206,102,104,141,161,137,137,154,170,121,123,148,156,107,113,149,149
471,2,#471,153,153,132,132,166,166,141,143,210,210,104,108,185,185,137,139,154,154,121,121,144,152,105,113,149,149
472,5,#472,151,157,132,166,154,166,133,139,206,206,100,104,183,185,137,137,154,154,121,123,150,156,111,111,147,149
473,1,#473,151,157,132,154,162,164,135,139,206,218,100,108,185,185,137,137,154,154,117,121,144,148,105,109,149,151
474,1,#474,149,157,132,170,162,166,135,137,206,210,100,104,183,185,137,139,154,166,121,121,152,156,105,107,149,149
475,6,#475,157,157,132,132,162,164,135,135,214,220,94,108,141,187,133,135,154,156,117,131,152,152,105,105,149,149
476,3,#476,157,157,132,152,162,162,135,139,208,210,102,102,183,187,137,139,154,154,121,131,150,156,105,105,149,149
477,1,#477,153,157,132,164,162,164,133,137,206,214,100,104,185,187,137,137,154,166,117,123,148,156,105,105,149,151
478,2,#478,153,157,164,166,166,166,131,137,206,218,104,104,185,185,137,137,154,156,121,121,150,150,105,105,149,149
479,1,#479,155,157,132,136,166,180,137,141,206,214,100,104,185,185,137,139,154,166,117,121,146,148,105,105,149,151
480,2,#480,149,157,132,132,164,166,133,135,206,206,100,100,161,183,137,139,154,164,131,133,148,154,103,113,149,151
481,1,#481,151,157,132,132,166,188,139,143,214,220,100,104,155,185,137,139,154,154,121,131,150,152,105,105,149,149
482,3,#482,151,151,132,154,164,166,133,141,206,216,94,100,183,185,133,137,154,154,121,121,148,154,105,105,149,149
483,1,#483,153,157,132,166,154,166,135,139,206,220,100,100,141,185,137,139,154,164,121,131,144,156,105,111,147,149
484,3,#484,151,151,132,166,162,166,137,139,208,214,94,100,173,173,139,139,154,162,121,123,148,148,105,105,149,149
485,4,#485,149,153,166,170,154,162,137,139,206,220,104,104,185,185,137,137,154,162,121,123,150,152,107,107,145,149
486,1,#486,151,157,132,168,162,166,139,141,206,214,94,100,141,185,137,139,154,156,123,131,148,152,105,111,149,149
487,1,#487,153,157,132,138,158,166,131,141,206,220,102,104,141,185,137,139,154,166,117,121,148,152,105,107,149,151
488,1,#488,149,157,132,160,162,166,135,143,206,212,100,100,141,185,137,139,154,164,117,121,148,154,105,111,147,149
489,1,#489,151,157,132,136,158,166,135,139,206,218,100,104,161,185,137,139,154,170,121,131,148,156,103,105,149,149
490,2,#490,157,157,132,132,162,166,137,137,206,214,100,104,173,185,139,139,154,164,117,117,148,154,103,113,149,151
491,1,#491,153,157,132,160,158,166,137,139,206,216,100,104,173,185,137,137,154,156,121,121,146,148,105,105,147,149
492,1,#492,151,157,132,152,166,180,133,135,206,220,94,104,183,185,137,139,154,166,121,131,148,150,103,105,149,149
493,5,#493,151,157,154,160,164,174,135,135,214,220,100,100,183,187,137,139,154,160,121,123,144,150,105,111,149,151
494,2,#494,153,157,132,132,162,166,137,137,206,214,94,100,173,183,137,137,164,168,123,125,148,152,103,107,149,149
495,1,#495,155,157,132,148,154,162,135,137,206,220,100,106,185,187,137,137,154,156,121,131,148,150,105,107,149,149
496,1,#496,157,157,132,132,154,162,135,143,206,210,100,104,173,185,137,137,154,164,121,123,150,156,105,105,149,151
497,1,#497,157,157,132,136,162,164,135,139,206,214,100,104,173,185,137,137,154,156,121,133,144,156,105,105,145,149
498,1,#498,151,157,132,154,164,166,131,135,206,214,94,104,183,185,133,137,154,172,121,125,150,152,105,107,147,149
499,1,#499,153,157,132,132,164,166,135,139,206,216,100,112,185,187,137,139,154,156,121,123,152,154,103,105,149,151
500,1,#500,157,157,132,132,166,166,137,143,206,214,100,116,141,185,133,137,154,166,117,121,144,148,105,105,149,149
501,1,#501,149,157,132,164,166,168,135,141,206,214,100,104,141,185,137,137,154,162,117,121,144,148,105,107,149,151
502,1,#502,153,157,132,136,158,166,133,135,206,206,100,102,173,185,133,137,154,164,121,131,150,156,105,105,149,151
503,1,#503,153,157,132,136,162,166,133,139,206,210,100,104,183,185,137,139,154,170,121,123,148,158,105,105,145,149
504,2,#504,149,157,132,148,162,162,135,139,210,210,100,100,141,141,137,137,164,164,121,131,146,150,105,105,149,149
505,1,#505,151,157,132,160,166,170,139,141,206,210,100,108,183,185,137,139,154,170,121,131,146,152,103,105,149,151
506,1,#506,153,157,132,164,162,166,133,135,206,220,100,104,141,185,137,137,154,164,117,121,148,154,105,107,149,149
507,1,#507,157,157,132,152,166,168,135,143,206,214,94,100,183,185,137,137,154,164,117,123,144,156,105,105,149,151
508,1,#508,157,157,132,148,154,162,135,139,206,220,100,108,161,185,137,139,154,160,121,133,148,150,105,111,145,149
509,1,#509,149,157,132,132,162,166,131,141,214,220,100,112,183,185,137,139,154,156,117,123,148,164,105,111,149,151
510,1,#510,151,157,132,170,164,166,139,141,206,210,100,104,177,185,137,139,154,156,121,123,144,150,105,111,149,149
511,1,#511,151,157,132,136,162,166,139,143,206,212,102,104,155,185,137,137,154,154,123,131,148,148,105,109,147,149
512,2,#512,149,153,132,132,166,166,137,137,206,216,94,104,161,183,139,139,162,166,117,123,148,154,105,105,149,151
513,1,#513,149,157,132,134,162,166,135,137,206,218,100,104,141,185,137,139,154,162,117,121,148,152,103,105,149,151
514,2,#514,149,153,132,132,162,162,133,141,206,206,100,104,173,173,133,137,154,154,117,131,150,150,105,105,149,149
515,2,#515,157,157,132,132,162,166,133,143,210,210,100,100,173,187,137,137,164,164,121,121,144,148,105,105,149,151
516,2,#516,153,157,132,132,164,166,137,147,206,222,100,102,183,185,137,137,154,154,123,125,152,154,105,113,149,149
517,3,#517,149,151,132,136,154,162,135,137,206,214,100,100,173,173,137,137,156,160,121,125,144,150,105,105,149,149
518,1,#518,157,157,132,166,154,166,133,135,206,218,102,104,183,185,137,139,154,154,117,131,144,150,105,107,149,149
519,1,#519,155,157,132,136,162,164,137,143,206,210,100,100,185,187,137,137,154,164,121,123,144,152,105,111,149,149
520,1,#520,151,157,132,168,166,166,133,139,206,214,100,100,141,185,137,137,154,164,121,123,148,156,105,111,147,149
521,2,#521,157,157,132,132,162,166,135,139,206,206,100,100,173,173,133,139,154,154,117,117,148,156,105,105,145,151
522,2,#522,157,157,132,154,162,164,131,139,208,210,100,102,185,185,137,137,154,164,117,121,144,150,105,105,145,149
523,2,#523,151,151,132,132,162,166,137,137,206,210,100,100,185,185,139,139,154,154,123,123,146,152,105,107,149,149
524,4,#524,157,157,132,132,158,162,131,135,212,216,94,104,161,187,137,137,154,162,117,123,148,158,105,113,149,149
525,2,#525,157,157,132,164,154,162,137,137,206,206,94,100,141,173,137,139,154,154,121,121,148,148,105,105,151,151
526,1,#526,157,157,132,164,154,162,135,141,206,214,100,104,141,185,137,137,154,164,121,121,90,148,105,105,149,149
527,1,#527,149,157,132,152,166,166,137,139,206,218,100,104,141,185,137,139,154,156,117,121,148,156,105,105,149,151
528,1,#528,153,157,132,166,162,166,131,135,206,220,94,100,183,185,137,139,154,164,117,123,148,152,105,113,149,151
529,1,#529,153,157,132,132,166,168,135,139,206,222,100,112,171,185,133,137,154,154,121,125,150,152,105,105,149,151
530,1,#530,157,157,132,164,158,166,135,139,214,216,100,108,141,155,137,139,154,164,121,133,150,150,105,105,149,151
531,1,#531,157,157,132,164,158,166,135,139,214,216,100,108,141,155,137,139,154,164,121,133,150,150,105,105,149,151
532,1,#532,149,157,132,158,162,166,137,139,206,210,100,102,185,187,137,137,154,166,117,123,144,148,105,113,145,149
533,1,#533,151,157,132,148,166,168,135,147,206,214,100,102,185,185,137,137,154,166,121,131,148,150,105,111,149,151
534,2,#534,149,153,158,164,166,166,135,137,214,216,100,100,185,185,133,137,164,166,125,131,144,152,105,113,149,149
535,1,#535,153,157,132,164,166,166,137,143,210,214,94,104,173,185,137,137,154,164,121,131,148,150,105,113,145,149
536,1,#536,151,157,132,168,162,166,135,137,206,216,100,104,141,185,137,139,154,156,117,131,148,160,105,105,149,149
537,1,#537,151,157,132,148,166,182,137,139,206,216,100,114,141,185,137,139,154,164,121,123,146,148,105,107,149,151
538,1,#538,149,157,132,132,164,166,135,139,206,214,100,100,183,185,133,137,154,166,121,133,148,152,105,113,145,149
539,1,#539,153,157,132,132,164,166,133,137,206,220,102,104,163,185,137,137,154,164,117,123,148,150,105,111,149,151
540,1,#540,157,157,132,132,162,166,135,135,206,220,100,102,185,185,137,139,154,154,121,131,144,156,105,105,145,149
541,1,#541,153,157,132,168,164,166,135,137,206,216,100,100,183,185,137,137,154,156,121,123,148,156,105,111,145,149
542,1,#542,149,157,132,164,154,166,135,139,210,214,100,102,185,187,137,139,154,154,121,133,148,158,103,105,149,151
543,1,#543,151,155,132,132,158,174,133,135,206,220,100,104,185,185,135,139,154,156,121,131,148,154,105,105,145,151
544,1,#544,151,155,132,132,158,174,133,135,206,220,100,104,185,185,135,139,154,156,121,131,148,154,105,105,145,151
545,2,#545,157,157,132,132,164,166,135,135,206,206,100,100,185,185,137,139,154,154,121,131,144,144,105,105,149,149
546,1,#546,153,157,132,166,158,166,135,143,210,214,94,100,161,185,137,137,154,170,121,125,148,154,105,105,147,149
547,1,#547,149,157,132,148,162,166,135,135,206,214,100,100,161,185,137,137,154,154,121,131,150,156,105,105,149,149
548,1,#548,155,157,132,162,162,166,133,137,210,214,100,102,185,187,137,137,154,170,121,123,148,154,105,105,149,149
549,2,#549,157,157,136,164,162,166,131,133,214,216,100,102,173,185,137,139,154,178,129,133,150,150,105,107,149,149
550,1,#550,157,157,132,166,166,180,137,141,206,214,100,104,141,185,137,139,154,162,117,123,148,156,105,105,149,151
551,1,#551,149,157,132,166,164,166,133,135,206,208,100,104,173,185,133,137,154,164,121,125,148,152,105,111,147,149
552,2,#552,157,157,132,132,154,166,135,143,206,214,100,100,185,185,139,139,154,154,121,121,150,152,105,107,149,149
553,1,#553,149,157,132,132,160,166,131,135,214,220,100,104,185,187,133,137,154,154,117,131,146,148,105,113,149,149
554,1,#554,153,157,132,132,158,166,135,141,206,208,100,100,183,185,137,137,154,164,121,133,144,146,105,113,147,149
555,1,#555,153,157,132,136,154,166,133,141,206,216,100,104,183,185,137,139,154,164,121,129,148,152,105,111,149,151
556,1,#556,151,157,132,164,166,180,135,141,202,206,100,100,183,185,133,137,154,162,121,131,144,156,105,111,149,149
557,1,#557,157,157,132,154,164,166,135,139,206,214,94,100,141,185,137,139,154,162,117,121,144,150,105,105,147,149
558,1,#558,151,157,132,132,166,184,137,139,206,214,102,104,161,185,137,137,154,162,117,131,144,152,103,105,149,149
559,1,#559,153,157,132,152,162,166,135,139,206,214,100,108,185,187,137,137,154,170,121,123,146,152,105,113,149,151
560,1,#560,157,157,132,148,166,166,135,141,206,220,100,104,141,185,137,137,154,172,117,121,148,156,105,105,149,149
561,2,#561,157,157,132,132,164,166,135,135,206,208,104,104,185,187,137,137,156,168,117,125,150,156,105,105,151,151
562,4,#562,151,157,136,164,162,162,133,137,206,220,94,100,141,173,137,139,166,168,123,127,148,148,105,105,149,151
563,8,#563,149,157,148,168,154,162,137,143,206,214,94,100,185,185,139,139,160,164,121,131,146,150,105,107,147,149
564,1,#564,157,157,132,136,158,166,135,139,206,206,94,100,183,185,133,137,154,154,117,121,152,154,103,105,149,151
565,3,#565,151,157,132,132,166,178,139,139,212,218,100,100,183,187,137,137,154,154,121,121,146,154,105,113,149,149
566,2,#566,157,157,132,136,162,162,141,141,206,206,100,100,185,185,137,137,154,164,123,125,152,158,105,105,149,149
567,1,#567,155,157,132,136,162,166,137,143,206,210,100,100,185,187,137,137,154,162,121,123,144,152,105,105,149,149
568,1,#568,157,157,132,132,166,166,133,139,214,220,100,104,183,185,133,137,154,156,121,123,90,148,105,107,149,151
569,1,#569,155,157,132,164,162,166,133,141,206,214,100,106,183,185,137,137,154,164,121,125,150,154,105,111,149,149
570,1,#570,157,157,132,166,162,166,135,143,206,210,102,104,161,185,137,137,154,158,121,131,144,148,105,105,149,151
571,1,#571,151,157,132,170,166,168,135,147,206,214,100,104,141,185,137,137,154,164,123,131,148,150,105,111,149,149
572,1,#572,153,157,132,136,164,166,135,137,206,220,100,104,173,185,137,139,154,164,121,123,144,148,105,113,149,151
573,1,#573,149,157,132,168,166,166,131,139,210,214,100,104,183,185,137,139,154,162,121,131,148,152,105,105,149,149
574,2,#574,157,157,132,166,166,166,135,135,210,216,104,104,161,185,137,137,154,154,123,123,150,154,105,111,145,149
575,1,#575,153,157,132,132,154,162,135,139,206,210,100,102,141,185,133,137,154,164,121,131,150,156,105,113,149,151
576,2,#576,157,157,132,136,156,166,131,133,206,206,100,100,155,187,137,139,154,156,123,123,148,150,105,105,149,149
577,3,#577,151,153,132,152,166,166,133,139,206,218,100,104,161,173,137,137,154,156,121,129,146,148,105,109,149,151
578,5,#578,153,153,132,132,166,166,131,137,206,210,102,104,141,141,133,139,156,164,117,133,148,156,105,107,149,149
579,1,#579,151,157,132,132,162,166,135,135,210,214,100,104,185,187,137,139,154,164,123,131,144,156,105,105,145,149
580,2,#580,153,157,164,170,162,166,139,143,206,206,100,100,155,185,137,139,164,170,123,129,148,158,105,113,149,151
581,3,#581,153,157,132,170,154,162,133,141,220,220,100,100,141,161,137,137,154,154,123,131,144,158,105,105,149,151
582,2,#582,151,155,132,132,180,182,135,135,214,216,102,108,173,173,139,139,154,154,123,131,148,152,105,105,149,149
583,1,#583,157,157,132,166,164,166,133,137,206,212,100,102,183,185,137,139,154,178,121,129,148,148,105,111,145,149
584,2,#584,153,157,132,132,166,166,135,135,210,214,94,104,185,185,137,137,154,154,117,121,144,154,105,113,151,151
585,2,#585,153,157,132,138,154,166,133,145,206,214,102,108,185,187,137,137,154,154,123,131,148,152,107,113,149,149
586,1,#586,149,157,132,164,162,164,135,137,206,220,100,100,161,185,137,139,154,164,121,123,144,150,105,111,149,151
587,1,#587,153,157,132,146,158,166,135,141,206,206,100,102,185,187,137,139,154,164,117,121,148,156,105,111,147,149
588,1,#588,153,157,132,164,162,166,135,137,206,206,100,100,141,185,137,137,154,164,121,121,144,152,105,111,149,151
589,1,#589,157,157,132,132,164,166,137,141,206,214,100,100,183,185,137,139,154,178,121,121,144,156,105,105,149,151
590,2,#590,153,157,132,132,162,162,135,139,206,214,100,104,155,173,137,137,154,154,123,123,148,148,105,105,149,151
591,1,#591,153,157,132,164,166,180,137,139,206,214,94,100,155,185,137,139,154,170,121,123,148,152,105,113,149,151
592,2,#592,157,157,132,160,166,166,135,135,214,214,94,104,141,155,137,139,154,160,121,121,150,150,105,111,149,149
593,1,#593,151,157,132,132,166,168,135,137,206,220,100,108,161,185,137,137,154,156,121,131,144,150,105,105,145,149
594,1,#594,151,157,132,136,166,180,133,141,206,214,100,104,185,185,137,137,154,154,121,131,148,152,105,105,145,149
595,1,#595,151,157,132,136,164,166,133,141,206,210,100,100,173,185,133,137,154,168,121,121,146,152,105,111,149,151
596,1,#596,151,157,132,136,158,166,133,135,210,214,100,104,173,185,137,137,154,162,121,123,146,150,105,107,147,149
597,3,#597,157,157,132,158,162,166,131,135,214,214,100,100,183,187,137,137,160,168,121,123,152,156,105,105,149,149
598,1,#598,153,157,132,132,162,166,133,141,206,210,100,100,161,185,137,137,154,178,121,123,150,156,105,105,145,149
599,1,#599,149,157,132,164,158,166,135,141,206,214,94,100,173,185,137,137,154,164,117,123,152,156,105,107,149,149
600,1,#600,149,157,132,170,166,180,133,141,206,214,100,104,155,185,133,137,154,154,121,131,148,156,105,111,149,149
601,1,#601,157,157,132,134,158,166,135,143,206,216,100,102,141,185,137,139,154,160,121,121,148,156,105,107,149,151
602,1,#602,151,157,132,160,162,166,135,147,206,214,102,104,141,185,137,139,154,164,121,121,148,148,105,107,149,151
603,1,#603,157,157,132,152,162,166,133,135,206,216,100,104,185,185,133,137,154,164,121,131,144,156,105,113,149,151
604,1,#604,151,157,132,132,162,164,133,135,210,214,94,100,141,185,137,139,154,154,117,121,152,156,105,113,149,151
605,1,#605,151,157,132,136,166,166,135,139,206,214,100,108,141,185,137,139,154,160,121,123,144,150,105,111,149,149
606,1,#606,151,157,132,132,158,166,135,143,206,220,100,102,183,185,137,139,154,164,123,131,144,156,105,105,149,151
607,1,#607,149,157,132,136,162,164,133,135,210,214,102,104,183,185,133,137,154,164,123,131,148,152,105,111,145,149
608,2,#608,157,157,136,166,162,162,135,135,210,214,100,100,185,185,139,139,164,164,123,131,150,150,105,111,149,151
609,1,#609,153,157,132,132,164,166,135,143,206,220,100,104,183,185,137,137,154,170,121,123,144,152,105,111,149,151
610,3,#610,149,157,132,132,154,166,139,143,216,220,100,100,183,185,137,137,164,170,121,123,148,158,105,107,145,149
611,1,#611,155,157,132,148,162,166,133,143,206,216,100,104,173,185,137,137,154,156,117,123,144,152,105,111,147,149
612,1,#612,149,157,132,136,164,166,135,135,214,220,100,104,161,185,137,137,154,160,121,123,150,156,105,105,149,149
613,1,#613,153,157,132,164,166,178,135,139,206,220,94,100,173,185,137,139,154,162,123,131,146,152,105,105,149,151
614,1,#614,157,157,132,134,166,180,135,139,206,214,100,108,155,185,137,137,154,166,121,121,144,150,105,111,149,151
615,1,#615,149,157,132,132,166,170,135,137,206,214,100,112,183,185,137,139,154,164,117,131,148,158,105,105,147,149
616,1,#616,155,157,132,136,162,166,139,143,206,216,100,104,183,185,137,139,154,162,121,123,144,148,105,113,149,149
617,3,#617,151,153,132,132,162,162,131,141,206,220,100,102,185,185,137,139,154,154,121,131,152,154,105,107,149,149
618,2,#618,151,151,132,166,164,166,135,135,214,214,98,100,161,185,137,137,154,170,121,131,156,156,105,107,149,149
619,1,#619,153,157,132,132,166,182,131,137,206,206,100,104,185,187,137,137,154,164,121,121,144,152,105,105,149,151
620,1,#620,151,157,132,166,166,170,133,141,210,214,94,100,173,185,137,137,154,164,121,125,146,152,103,105,147,149
621,1,#621,155,157,132,152,166,166,133,143,206,220,94,104,161,185,133,137,154,164,121,125,148,152,105,111,149,151
622,1,#622,151,157,132,160,166,180,131,139,214,220,94,100,141,185,137,139,154,154,121,131,148,152,105,105,149,149
623,1,#623,153,157,132,136,162,166,139,141,206,218,94,100,161,185,133,137,154,154,117,121,148,148,105,111,149,151
624,1,#624,149,157,132,132,166,166,131,141,206,214,100,102,141,185,137,137,154,168,123,131,150,156,105,113,149,149
625,1,#625,157,157,132,134,154,162,135,143,206,214,100,102,173,185,137,139,154,162,121,133,148,156,105,111,149,149
626,1,#626,149,157,132,132,158,166,131,135,202,206,100,102,141,185,137,139,154,164,123,125,146,152,103,105,149,151
627,1,#627,157,157,132,168,154,166,135,139,206,210,100,104,183,185,137,137,154,156,117,121,144,152,105,111,149,151
628,1,#628,151,157,132,132,166,168,137,139,206,214,100,102,183,185,137,139,154,158,121,131,148,158,105,111,149,151
629,1,#629,153,157,132,136,162,166,137,141,206,214,100,102,173,185,133,137,154,164,117,121,144,152,105,105,149,151
630,1,#630,155,157,132,132,166,182,135,143,206,214,100,100,185,187,137,139,154,154,121,123,148,152,105,107,149,149
631,1,#631,155,157,132,132,166,176,135,141,210,214,100,102,161,185,137,137,154,170,121,123,152,154,105,113,149,149
632,1,#632,153,157,132,154,166,180,133,139,214,220,102,104,185,185,137,137,154,154,123,125,146,148,105,107,145,149
633,1,#633,151,157,132,164,166,168,135,139,206,216,94,100,185,185,137,137,154,166,121,125,150,152,105,107,149,151
634,1,#634,157,157,132,132,162,164,131,139,206,208,100,102,141,185,137,139,154,166,117,121,148,158,103,105,149,149
635,1,#635,149,157,132,148,164,166,137,145,206,214,100,108,173,185,133,137,154,162,117,131,148,148,105,111,149,151
636,1,#636,151,157,132,132,162,166,131,135,206,214,94,104,185,185,137,139,154,164,121,121,148,156,105,111,145,149
637,1,#637,151,157,132,164,162,166,131,137,206,216,100,102,161,185,137,137,154,164,121,123,144,150,105,105,149,151
638,1,#638,151,157,132,166,166,166,139,141,206,218,94,100,183,185,137,139,154,164,121,123,144,150,105,107,149,149
639,2,#639,151,157,132,132,158,162,135,135,214,220,100,100,185,185,137,137,154,154,123,123,148,148,105,111,149,151
640,1,#640,153,157,132,136,166,168,135,137,206,206,94,104,185,185,137,139,154,164,121,123,146,152,105,105,149,151
641,1,#641,149,157,132,136,166,166,137,139,206,206,100,104,173,185,137,137,154,166,123,125,150,152,105,107,149,151
642,2,#642,153,153,132,132,166,180,133,143,206,216,102,116,185,185,137,137,154,170,131,131,144,152,105,105,149,149
643,1,#643,157,157,132,162,158,166,135,137,210,214,100,116,173,185,137,139,154,164,121,131,144,152,105,107,149,149
644,1,#644,153,157,132,132,162,166,131,135,206,206,100,104,173,185,137,139,154,164,121,133,144,156,105,105,149,151
645,1,#645,149,157,132,160,166,166,131,135,210,214,100,116,161,185,137,137,154,166,121,123,148,148,105,111,149,149
646,1,#646,151,157,132,170,162,166,135,139,206,214,94,100,183,185,137,137,154,154,117,121,144,148,103,105,149,151
647,1,#647,155,157,132,166,162,166,139,141,206,220,100,104,183,185,137,137,154,170,121,131,148,150,105,111,149,149
648,1,#648,151,157,132,152,166,170,137,139,206,220,94,104,185,185,137,139,154,154,121,131,144,156,103,105,149,149
649,1,#649,151,157,132,136,164,166,131,137,206,218,100,100,185,185,137,137,154,154,117,121,148,156,105,105,149,151
650,1,#650,149,157,132,136,166,166,137,141,206,218,94,100,141,185,137,139,154,178,123,131,148,152,105,105,149,149
651,1,#651,149,157,132,132,154,162,133,143,206,220,100,100,155,185,137,137,154,156,121,121,144,146,105,107,147,149
652,2,#652,157,157,132,164,162,162,139,139,206,206,100,100,185,185,137,137,154,156,121,121,148,148,105,111,149,149
653,1,#653,153,157,132,162,166,174,135,137,206,212,100,102,141,185,137,139,154,156,121,131,150,152,105,111,149,151
654,1,#654,153,157,132,132,166,170,135,139,214,220,100,114,181,185,137,139,154,162,121,123,148,156,105,105,145,149
655,1,#655,151,157,132,136,162,166,131,135,206,206,100,102,141,185,137,137,154,164,121,123,148,152,105,107,145,149
656,1,#656,149,157,132,148,162,166,139,141,206,210,100,104,141,185,137,139,154,178,117,121,148,154,105,113,149,149
657,1,#657,155,157,132,132,154,166,135,143,206,216,100,100,185,187,137,137,154,162,121,123,148,156,105,113,149,151
658,1,#658,153,157,132,134,166,182,133,141,206,220,100,106,155,185,137,137,154,164,121,121,144,152,105,107,149,151
659,1,#659,157,157,132,152,162,166,135,141,206,218,94,104,141,185,137,137,154,174,121,131,148,148,105,107,149,149
660,1,#660,153,157,132,136,166,182,135,137,206,220,100,100,141,185,137,137,154,154,117,131,152,154,105,111,145,149
661,1,#661,149,157,132,152,166,170,135,139,206,214,100,102,183,185,137,137,154,168,121,133,144,154,105,111,149,151
662,1,#662,149,157,132,166,162,166,135,139,206,214,100,104,185,187,137,139,154,162,117,121,146,152,105,109,149,151
663,1,#663,157,157,132,136,154,166,137,141,206,214,100,104,185,187,137,139,154,162,121,121,144,154,105,111,149,151
664,1,#664,149,157,132,154,166,166,135,139,206,206,100,104,173,185,133,137,154,166,121,121,148,150,105,111,147,149
665,2,#665,153,153,132,132,162,166,135,135,214,214,100,100,155,185,137,137,154,154,123,123,148,152,105,107,149,151
666,1,#666,155,157,132,154,164,166,135,141,206,216,100,102,185,185,137,137,154,154,121,121,150,152,105,105,149,149
667,1,#667,155,157,132,132,162,166,137,141,206,218,94,100,141,185,137,139,154,166,123,131,148,150,105,105,149,151
668,1,#668,153,157,132,152,158,166,131,135,206,212,100,100,141,185,133,137,154,168,121,121,144,156,103,105,149,149
