Colony,Family size,Queen ID,Btern01,Btern01,BT10,BT10,BT18,BT18,BT26,BT26,BL03,BL03,Btern02,Btern02,B131,B131,BTMS0045,BTMS0045,BTMS0125,BTMS0125,BTMS0136,BTMS0136,BL11,BL11,,
1,2,#1,97,111,143,145,188,218,107,111,145,145,179,193,138,140,308,308,104,110,150,166,145,145,,
2,2,#2,101,101,135,145,184,184,95,95,143,151,179,193,138,140,308,308,106,106,152,152,141,145,,
3,7,#3,101,111,145,151,184,188,107,109,145,151,179,191,138,140,308,322,102,106,152,152,135,145,,
4,4,#4,101,111,135,145,218,218,95,107,143,147,195,207,140,142,282,298,106,106,166,166,139,149,,
5,9,#5,97,131,139,147,184,184,107,107,151,151,179,179,140,140,300,308,106,106,152,154,125,147,,
6,4,#6,101,125,145,145,186,188,109,109,145,151,179,179,138,138,308,308,102,110,168,172,135,135,,
7,4,#7,101,101,145,145,194,218,107,107,143,143,177,193,138,140,308,308,106,106,166,174,145,145,,
8,19,#8,101,105,145,147,186,188,95,95,151,163,193,193,140,140,282,298,106,106,154,154,127,149,,
9,4,#9,111,119,137,153,186,188,95,107,145,151,193,193,134,140,306,322,106,110,152,166,127,145,,
10,7,#10,101,125,139,145,186,218,95,107,151,151,189,193,140,140,306,308,106,106,152,154,147,149,,
11,1,#11,101,101,143,147,188,218,95,107,143,151,179,193,140,140,308,310,102,106,166,166,127,139,,
12,3,#12,101,103,143,155,184,186,95,95,143,163,179,179,140,140,306,306,106,106,166,166,127,139,,
13,1,#13,97,101,135,145,186,218,95,107,145,151,179,179,134,140,308,310,106,106,150,154,145,147,,
14,2,#14,101,101,135,135,184,194,95,95,151,163,179,193,140,140,308,310,106,106,144,150,127,127,,
15,4,#15,111,119,143,145,188,188,95,109,145,151,179,213,140,140,308,308,106,106,150,154,145,145,,
16,1,#16,101,101,143,145,186,218,95,109,151,151,179,191,140,140,306,308,106,106,152,166,127,147,,
17,1,#17,101,121,145,149,184,194,95,107,147,151,179,193,140,142,308,308,106,106,152,156,143,145,,
18,3,#18,101,109,145,149,192,200,95,111,151,151,189,207,138,144,282,298,106,110,166,166,125,145,,
19,3,#19,105,117,147,147,186,186,107,107,151,151,179,205,140,142,300,308,106,110,152,166,131,151,,
20,2,#20,97,101,145,145,194,218,107,107,151,151,177,193,140,140,308,308,106,106,166,174,131,147,,
21,3,#21,97,119,135,143,184,186,95,95,143,145,179,179,140,142,300,322,102,106,156,166,143,145,,
22,4,#22,101,105,143,145,186,188,107,107,151,151,179,193,138,140,300,302,106,110,152,154,131,149,,
23,5,#23,105,117,137,149,184,188,95,95,147,151,179,193,140,142,308,310,106,106,152,152,125,127,,
24,3,#24,97,101,135,147,186,194,95,95,143,149,177,179,138,140,308,308,106,106,152,166,127,149,, 
25,1,#25,101,103,143,145,186,188,95,107,145,151,179,195,138,140,302,308,106,106,144,166,127,149,,
26,1,#26,101,111,135,145,184,194,95,95,145,151,179,179,140,140,302,308,102,106,154,166,135,147,,
27,2,#27,101,101,139,155,186,186,107,107,145,151,179,179,140,140,300,306,102,106,152,152,135,135,,
28,6,#28,101,101,137,143,188,188,95,95,151,153,179,191,140,140,294,304,104,106,152,170,131,147,,
29,1,#29,101,101,143,145,184,188,95,109,151,151,179,193,138,140,302,308,106,110,152,166,127,145,,
30,1,#30,101,101,145,145,186,188,95,109,151,151,179,179,140,140,308,308,106,106,152,166,131,147,,
31,5,#31,97,101,145,149,186,218,95,95,147,151,193,193,140,140,298,324,102,106,152,154,127,149,,
32,2,#32,101,119,137,149,186,188,95,95,145,145,179,193,140,140,306,322,102,110,152,152,127,145,,
33,3,#33,97,101,143,145,184,218,107,115,147,151,179,203,140,140,308,308,106,106,166,166,135,145,,
34,8,#34,101,125,145,145,184,188,109,121,149,165,179,195,134,140,300,322,106,106,150,168,131,145,,
35,4,#35,101,101,139,143,184,186,95,95,145,151,179,179,140,140,300,310,106,106,152,154,131,139,,
36,2,#36,101,109,135,137,184,186,95,121,151,151,179,179,140,140,302,306,102,106,152,152,125,143,,
37,1,#37,97,101,143,145,186,186,95,95,147,151,179,179,138,140,308,322,102,106,154,166,139,147,,
38,1,#38,101,115,145,151,184,188,95,119,151,163,179,179,140,144,308,308,106,106,152,174,127,131,,
39,3,#39,101,101,137,137,184,190,107,107,151,151,179,193,140,140,298,300,102,106,166,166,145,145,,
40,1,#40,101,101,145,147,184,186,95,109,151,151,179,193,138,140,306,308,102,106,152,166,127,131,,
41,1,#41,101,125,135,145,186,218,95,107,151,163,179,179,136,140,302,308,106,106,166,166,131,135,,
42,2,#42,101,101,145,145,184,218,107,107,151,151,179,193,134,140,308,308,106,106,152,166,145,149,,
43,1,#43,101,117,135,145,184,194,95,119,149,151,179,193,140,140,308,308,104,106,152,166,127,135,,
44,1,#44,101,111,143,145,184,186,95,121,151,151,179,193,140,140,308,308,106,110,154,166,139,147,,
45,1,#45,101,115,135,145,184,194,95,111,145,151,179,179,140,140,302,308,106,106,166,168,127,145,,
46,5,#46,101,117,145,153,188,188,95,107,151,151,179,179,140,140,304,306,102,102,154,168,131,145,,
47,6,#47,97,101,145,151,184,186,95,107,151,151,177,191,140,140,302,322,106,110,166,166,139,149,,
48,2,#48,101,117,137,145,188,188,107,107,145,145,179,193,140,140,308,310,104,106,166,166,147,147,,
49,1,#49,95,101,137,145,184,188,95,109,151,151,179,205,134,140,302,308,102,106,144,166,127,145,,
50,1,#50,101,101,135,147,186,218,95,107,145,151,179,179,140,146,282,308,106,106,166,166,127,139,,
51,1,#51,101,103,145,153,184,218,95,105,147,151,179,193,134,140,308,312,102,106,152,154,127,141,,
52,1,#52,97,101,145,145,184,186,95,95,151,155,179,195,138,140,298,308,106,106,166,168,127,139,,
53,1,#53,101,101,145,147,186,188,95,111,147,151,177,179,134,140,306,308,102,106,166,168,133,145,,
54,1,#54,101,125,135,147,186,188,95,119,145,151,179,179,134,140,300,308,102,106,166,172,139,145,,
55,1,#55,101,131,139,145,186,194,95,107,149,151,179,191,140,140,308,322,102,106,152,166,131,145,,
56,5,#56,101,125,145,147,186,186,107,109,145,151,191,193,134,138,306,306,106,110,150,152,131,147,,
57,1,#57,101,103,145,147,186,188,95,107,145,151,179,179,134,140,300,308,102,106,166,166,145,147,,
58,1,#58,101,111,135,145,186,194,95,107,145,151,179,193,140,140,298,308,106,110,154,166,127,139,,
59,4,#59,101,101,145,151,184,194,95,95,147,151,179,203,140,140,302,310,106,110,152,166,145,149,,
60,2,#60,101,101,135,135,186,186,95,95,151,151,193,207,140,140,308,308,106,106,154,166,147,149,,
61,2,#61,101,101,143,145,194,218,95,95,143,147,193,193,140,146,298,298,102,104,152,166,127,127,,
62,1,#62,101,103,145,147,186,188,95,95,145,151,179,195,138,140,298,308,106,106,152,166,127,145,,
63,2,#63,101,117,147,147,186,186,107,107,145,163,179,211,138,148,308,308,106,106,166,172,127,127,,
64,1,#64,101,111,139,145,186,186,95,95,145,151,177,179,140,140,302,308,106,106,152,166,127,145,,
65,1,#65,101,111,135,145,186,186,95,115,145,151,177,179,138,140,282,308,106,106,166,166,127,131,,
66,1,#66,101,111,145,147,186,188,95,95,145,151,179,193,140,142,308,308,102,106,150,166,139,145,,
67,1,#67,101,125,135,145,186,188,95,121,143,151,179,179,134,140,308,308,106,110,152,166,129,145,,
68,1,#68,101,101,135,145,184,186,95,109,145,151,179,179,140,140,306,308,106,106,152,156,145,149,,
69,1,#69,101,119,143,145,186,218,107,109,145,151,179,179,140,142,306,308,106,106,152,172,145,147,,
70,2,#70,101,101,137,143,188,188,95,95,151,151,179,179,140,140,298,300,106,110,152,152,145,145,,
71,1,#71,101,105,139,145,186,188,95,95,151,151,179,179,138,140,302,308,102,106,154,166,127,147,,
72,1,#72,97,101,145,147,186,188,95,109,145,151,179,179,138,140,302,308,106,110,166,168,127,135,,
73,1,#73,101,117,135,145,184,218,95,121,145,151,179,193,140,148,302,308,106,106,152,166,135,149,,
74,2,#74,101,119,143,145,186,218,95,95,145,147,179,179,140,140,306,308,106,106,166,166,135,135,,
75,1,#75,101,101,135,145,186,218,95,115,145,151,179,193,140,140,306,308,102,106,154,166,131,135,,
76,2,#76,101,101,143,145,188,188,107,107,145,145,179,179,138,140,300,308,106,106,166,166,127,127,,
77,1,#77,101,105,139,145,188,218,107,109,151,151,179,179,140,146,302,308,102,106,154,166,129,145,,
78,1,#78,101,125,143,145,184,188,95,121,151,153,179,179,140,140,300,308,104,106,166,166,139,145,,
79,1,#79,97,101,135,145,186,186,95,107,151,163,179,193,138,140,298,308,102,106,156,166,139,145,,
80,1,#80,101,101,137,145,184,186,95,109,151,163,179,179,134,140,298,308,106,110,154,166,127,135,,
81,1,#81,97,101,137,145,186,188,95,117,145,151,179,179,140,140,300,308,102,106,150,152,145,149,,
82,1,#82,101,111,143,147,184,186,95,109,145,151,179,179,140,140,308,308,106,106,154,172,131,145,,
83,3,#83,97,101,135,147,188,188,107,107,145,151,179,193,140,140,298,298,102,106,152,152,145,145,,
84,1,#84,101,103,143,145,184,218,95,95,151,151,179,179,138,140,300,308,106,110,166,166,145,147,,
85,1,#85,101,105,145,147,184,186,95,111,145,151,177,179,138,140,306,308,104,106,154,166,145,147,,
86,1,#86,101,105,145,145,188,218,95,107,143,151,179,179,140,140,308,308,104,106,152,166,127,145,,
87,1,#87,101,103,145,151,184,186,95,95,143,151,179,179,134,140,298,308,106,110,154,166,145,145,,
88,1,#88,101,121,137,145,186,218,95,107,145,151,179,179,140,140,300,308,102,106,166,172,135,147,,
